id,people_name
RgDVC3ZUBqpEe6Y1kPhIpw,Monica
zkamNMEjihh3zN7lC7_WVw,Matthew
gVFxZMcuG_Tal2_TnpmUPg,Stephanie
g0_x4kVvJAYuk96oCcbOmw,Michael
-NbeVN5tnwdyYAvdNkKMjw,Dominic
cXtE-ZTrNx-hE7usp_f_xg,Marie
X6ikCQsAC4QGN-RjmvW2vA,J.
SQ2J0vy4sUIrVfB6_qcbDg,Windi
kZnSGYEx0mLVGroGtZiXIA,Ms. Edna
NEnjlrr2ozU4FMmXup88wA,Denise
TVN3qoXU0-sateboutdCZg,Angela
cMPJlsuY5IQgJ8N9qICdDw,Jonathan
LI_A-_R6SQotk6fX8C0nPQ,Susan
CBk3GqDIhAxm1Sm5uWZynA,AhBeng
vWWvICTldmZgz-JMui2u2w,Mikey
ApJ9YgYU-AhS4a-F5oTGHw,Nicole
A_BF2dDDUTKGVXrqxO9mag,Brian
B-s-8VUnuBjGTP3d01jsyw,Allie
WTNE5YK9RTgP5jzStlbWjQ,Sammy
wpfvF8ue3yr1m5xD4OrZNw,Henry
DsSTEHDUdXQsk7tknLtQSw,J
bi76Ih6tRv-ghYWFCJ0dag,Trent
9C_h-H1Z7Xz7dvbgsBrnSg,Kurt
ZTvil7E2JbtORKm0bu6MKQ,Mimi
ie9VaHvAaQgjMJP3Gn-AQQ,John
zebeVSHqWXuyf5fYATlojA,Katie
46Wi08T5D3phf3SMgi7U3w,Jeff
Vm0fyrUjwMTDgwqV6DhqDw,Caroline
KwC7I2KR-HlEb3KSH4a0bw,Jill
K1atdJqtMk__T3t_aR1sqg,Michael
t3GdQhAtOP3GYI7JF_49vg,Maria
0xEO0EHf9yuNQ0rA59EH1A,Jay
8wHKhb9wqIHca43Xr1xJZQ,Jen
r3QwSgi5reE4IUNDcDRM2g,Sean
iliPyjM1n5TMV6QaCfCNIQ,Harriet
L0yksjKsJrvY6CBGGuX70Q,Mike
cFaHx-FkCnzdfF8BccukIg,Morton
FQ-zmWPEG_pjSQx6pt3Efw,Jimmie
302kcRtUp1vNds8tN3tr6Q,Stephen
f3AZHdFgVpB5oglDz4kvyQ,Anthony
tvfn8CFaHWfrYNj0UoYl2w,Delia
R-s0RjtnCRaeVW_dZ5DYbw,Jenna
n5NatlzIpc17OOvAFqujHA,Xerxes
Uc1XT_PSU560yjARWTc2uw,Rich
1Da1hioMYHkaG_i0-IfcIw,Eliza
j_orXueAYJBft-VUNbs1IA,Mark
viQc2PJIsxIE5-rnWXwkUg,Ed
uIKD7cJF4ZWkicin2ulWPg,Gina
2x6zQomtMOfnpWXLUqv5Sw,Rich
btbEMZMN4BMsUi3dlEtWdA,Kerry
ImGwI8WyU0yE301jso9Y_Q,Donnell
-ne-7caCLAk2j3kD7tzBGw,Kev
V4bIBHc0XeOVv-W0wfJaPA,Joanna
ppsm8EDKjA1fp1yTCP3RrQ,Steve
Djxt8nbOFGJK6F0bzOnL3g,Diana
lRRuTimITgwzoXLIM3g9qw,Tim
FRrDy332kx71MzTzbgaRIw,Lexi
Br_Smhj4sBAwXDm5G-a8tg,Walt
v8QDpDDmt9iEyr_bLNPihw,Alison
0ZUHtvIiZ1DPKKDTiieuKA,James
AbC_IcLriK_cxl5OWO88dA,Lisa
HiKXqt366G3FmHZyIxM20g,Keyshaun
9Ffa26SH-_tyAzfZ7vVbLA,Ron
uDBhAaDQSDPtR7DxfDTBsQ,Paul
0lk6Qr6_L0aQuQXeJWtXoQ,Jae
B-V1eJcIwouZuUrMFQkmnA,Marianna
M7XPWbierjOgpEIA7zNpYw,Audrey
akUC5qP68u0_frTwHLl61w,Stephanie
1Uc6NwkainkN_UQCfxsl-w,Steven
8ybqiIIq9AWe4AmrQEq8qA,Gary
CjJhEzdWQNEKa7grwPRQyg,Stephanie
Y8uEQnccKOpgdYOE3ls1ug,Loni
ZPpuU4Kz1SrFTrKDQ9S3AQ,Ali
Zp1o52IRl92dunmsfiT96g,Shannon
ulRdB25JWcztx_n6N67yog,John
FXW16a1QddonpF-h3NtxPg,Christian
ie3HZwb8z-2_89OBSNPelA,Joy
V52Szy8N3uQI1RL1NtBppQ,John
Jr2LXT34rQlGZAnSIQMnrg,Grace
ORCoaxJAQ-hsP3pdXXGm0g,Michael
pzikC7tVCIcGSX9XkyKmDw,Fawn
Xk6ZzhcWxX75itP-4Am3Zg,Daniel
jmDZZp__5cmDtjgJCsP14w,Liz
CDxlgCoUoNRV3VMkYZrUuQ,Suzanne
178lUNiULUgxi8fdm1zXmA,Krystle
dbXkAASzuhjzGw8CfnJZpg,Adriana
Bsu3ccgJn6lPULP9oAW8Ug,Eliz
lXIJsJxVnKAy27nJB7BoKw,Lawrence
DhUEuSrGJfONLDixnP3YkQ,Heather
90LRTAl9knIOAN_HwHqcBQ,Laura
jPmh43jMBHn_n21tXXWfBQ,Patrick
hs9HYNgFw_aKlmv4E6X4HA,Holly
XqbxftANPq79P7qzYc66BQ,Gino
9jcbhGaI0qXnueQU7NupWg,Edward
CEDI5Z-LuByMWIlAgCathQ,Magan
Ny8VQEuYr-zOPs996yuByw,Gina
byiQoMnnMkohZTdPty2jDw,Grace
wLFuvZ59HGUJZ3QBgqlmAg,Martin
DMU_zGhv60Bs6rzzPBHcbw,Jen
WIdUAxJqXKp2imC_BfcxMg,Jason
Wk_xohYcysEWnkhOp3sBSA,Hoang
BDTxlHnar4JkDaiRvBDQ1g,Ethel
enqJBst_OUDQRht7vgyanQ,Vernon
cVO_lPMztnwFj3bJ14ZiaA,Sal
zUk_Ww2q1At1QSyRbUjIGQ,Tricia
v98WXw1EToiuPIxtE0aekQ,Joanne
uwTOZUnu_Q6pmJFz1GeYwQ,Tinique
tYe3wHZB77lCG4ThTJ3gRQ,Christina
HOy4vtxyF-UD9bv9jmZGEw,Jaime
_uCkOF1vGF_JHfWUWOXbZQ,Brian
KqzgupvHOVfYQhefLBQxzg,Thuy
qKQqNChjWL81xYEqI5kFvQ,Carolyn
7mR9VdjCWMUcZbcH4exW5A,DjCurly
mswloq-IjRr9yXLhBqBPAw,David
c8om07xCmh4E_qebuBV1Ew,Brenda
v8svU5JLgN-Ega0nRbRS1A,Jadiey
Ui3xDdl6gAYcRqNlID6yAw,Robert
RjnImmAbQj5i3lj3ahqPMQ,Anthony
1VEzBgpdMYDKtnsWu_uKaQ,Faith
FV6QtuA5P52Cm5q7SOeMLQ,Nj
vH30u2I54Sgesml2M7QDRg,Edward
003WJL38WXmJjSWw3G1dng,Dina
aR6rQMWqxMBVch13dGCnSg,Sarah
KdGGV9cAFMk7v_7BsWObag,Kendall
JSpwp4pAp_Hu4xmPuNitBA,Katherine
qjZRsKI8uuKrJKRYy-9i9g,Tina
zfD3xhVNkGJs-AOOSslqtQ,Karen
d8FwfuFM9SJA3kU_cIQ3aw,Nancy
vUiebV27kFKne70hRP-L4A,Jen
0Ce-iZttI9NFAuQJ1qWsBw,Cathy
r-VHUiaLkjNsBxGdSqhbRQ,Katherine
UKjsdQvypama0X_henp77A,Neha
7xWrRJ5kfgcQyQ3UL3fImQ,Mark
YqiMF5KzIw8xP494HNuKdw,Jude
zkUag7nMlqepogNJIi4EoA,Lewis
nMw5xm9h6xFXdsNbG3b80Q,Rose
2lqkA5fK2STpx_kKAapMQw,Jim
ei3O4gS4YaEfQW2vpDdYkA,Marissa
tVMwKnashaK7V00XIRjtgw,Melissa
OpC4-jK9ZoEFvIyxhPuOnA,DÃºMond
wszI8TKqFEuaQjxEYrt-qA,Danielle
OpVo6uoypyDGIuGiGrwLEw,Patrick
OLGQ7alK4VKl3YdQk6UF5g,Michelle
CBHpTYlMeG6kMo0a7LODkA,Feebee
n-_wD3k6Np8T5jxc9NojuQ,jay
QNbyE5TLpEqyp5ZT0VIqpw,Gary
io9ib3Of3h3aUe0lbF1GwQ,T
V0c-AS2FFCeSaV-3JfG5vA,Jeannette
wVZMFgBWx9_NtOeTVncmZA,JerPz
ChRpi0qtrDHAY95LA3Zmhw,David
vTpRtybdZ0XoHsgcDe12mA,Howard
pYgPZLIrI9EjCCwSoh9RtA,Steve
BzcTU6B58qKZIbiikQBirQ,Andrew
ztj0Iln1_ahMyDu9WXQNeA,Dorene
5-7c4GhK6-a556JDFLGGwQ,Nicole
hX6TlRle2_Gc0j-IWUJdbg,Jeff
uZU8YfTvz9XYoQ-Ang4jjw,Karen
hiIbTTTFZicxxGRYfJVTfw,Dan
YDH8-780BGUMGWb7O3Xwgg,Sam
NPu55U1BIqTOocG0L05rHg,Miss
QczCdRxNPg08FGbrj9n0VA,Matt
DuvGYvbFjTHy2GMENu8c7Q,Rachael
QeDgPonIgw9jaF38pFoArg,Scott
vPzGyn_5VAoxzKlIHGGldg,Bill
uaInoX9wx48x65ziPcTrTQ,sarah
n9HEHYy190eSQLKdDoHmTQ,Dana
ZNmNHR98-cv5HvJXKtYSng,Brian
7RsxKnNTzafFqKfWEfASzg,Felicia
nBMekK7p98Wqu3yu86nXuQ,Dom
GxpxKYgmVn6kJOx9unoTKQ,Tony
jIlzQ_edplxKvVKEggf3og,Noelle
s8MHYVUXH8fIP7IQCDgMqQ,Jason
3e25JEteFJnJ6yvm_zpuqw,Jennifer
2UUtY6P4DHRzWciIh-fwTA,Mark
nF-hvlQ2lTkOBDoA9QhcuQ,Frances
98jv8gu7kAwa2WzIPdw6-w,Joe
F5FJ3I5ISQdSKkKqgidxWg,Judge
DFQAFfSg6TFU9d4IzQWvzA,Lindsay
UJjlieNU85Ak0uyW0glKgQ,Gene
sYZe8JiMi_VwEN32e3NLyw,Nathalie
Mq8_Echc_t5Oj5-1e13W2g,Stacia
A1nIXS5XEWeZ2EUUcOsurA,Alanna
fSfegMflm7DHSXUHBOmz5A,Lauren
v3mUztO72FMGgqSnbowtSQ,Coia
qgnG6fDJep6kgXg8mRdMQw,Tokyous
RCZ5M9o2-fxgFuurpmEs3w,Craig
rtKQeKo7DThaNQuokHKPSw,Derrick
0G3nCDdQSsCaDDB0OB8a8g,Chris
dhLizr4a2oydrv15y56r0A,Rochelle
gTeW8C9rnISPqI3IUKgujA,Marla
-kAQ-PSKx3i0st2B4aPpTg,Jackie
wqZuEnMGBKnpYIpg7dFLfg,Anne-Marie
NyF7XnMtdCzUjxPdf5h9qw,Michael
ZX9aq6fKbGaF6hXSnkDiAA,Monique
GcdYgbaF75vj7RO6EZhPOQ,Kathleen
3dZm12lNAnuBVfWvwRAxTA,C
p_qFRYEqyT93hgzCJ4Jnxw,Mike
cUB2WhICFuSe7DwXAIoo0g,Camay
ZQ-hVBie3ls9u951cJkgSQ,Mark
loYvUcSTzhZj3SOzxJuhGA,Deborah
rSGYUBxKa-yA_0-5UbqRfQ,Heather
vF40UPnn5vTi1reSrZ2D8Q,Amy
VDUg6SuHJ2hbVggxRX4aOA,Joe
lABhRt6E1lAvG68kqQZMow,Jessica
yZwgNBKJb6YFnS7_lo8pGg,John
rctJAi-e3ZHl4Rlimmam_A,Phi
qFwJ08Fs1Yvk-cJ98j7xsw,Rob
iWdmOyWAToTbmkm1ViAltg,Alex
be7x0aVSGE899NP52nqRxg,Vincent
S-NlfSXE9BBWxJvOHh7YQQ,Anand
Gntxwe7_U5ZIxIl7EAL0zQ,Ana
PjkX2hneenPowUKSahmSVg,Mercedez
eX9W_FuVxfHRvZf0AtnSkg,Gene
6wphmIT2v7Xo3fyx2GQf5Q,Jennalyn
RfILazdFKrVLORCHLRtzuw,Alex
NFeNXGbZWRCe6qMEppNdRw,Mariella
SKTzj0jpRIHfq6pXhzrHDw,Ellen
RcK-WsW9Rg18cUHERI6gaw,Shawn
REmj73mVB8Vq-xgQr72ZZg,Robert
GAcXsSc10MdTDYsX-MUWiA,Marcy
noRMp0R6Wnn3nX1ZO4fkpw,Christopher
H5jrZG93UtODscs1_Wc2ZQ,Joy
qqjYEZZRhJEBEx4ikb53jQ,Joe
Dmx-D6IWLn0OLlameBNV7Q,Lisa
hbSa1RpUO6Ka-AKnfmCF_A,Derek
DoqpE5_OlVNUNm_S25ghDQ,Ramses
-G7Zkl1wIWBBmD0KRy_sCw,Gerald
_9qGWXPtC-EYQulTgXImmQ,Tony
2qfEiGZrOYwm2HX9ai4SNA,Lena J
uEGnrc8hxzdbGEpcHXIW5A,Heather
1C5kFjSPdf9P74IhPy6e-w,Ashley
Nl6LtJS4frVirCm-SzDupg,Rob
NcOobrUnuD0PMMieAA49TQ,Joe
F3uJG_v0educVvOFsoPACQ,Aimee
PcgyHvdduilIJ-O-z_05Sw,Shawn
jsp8h4yF3VI7_sk3EyvEIQ,Brenda
4wswtXG9urMn20sOki4JYA,DaVonne
WvutaEoxM-8ME0JFTTWBDg,Lee
XEwEdPIjryudxfU098wapg,Charles
8OPSS6sPt3LpIIk6jjJ7Cg,Jay
aF56vJ17QYZolYHgsruIIA,Emily
eZg60HZVrM5qgAx_3qf3qg,Robert
k0ItOdfAkjrvH7Hj-u7lVg,Kelsey
wGcLl_xeOSRfzTMRYQ9loQ,Henry
gekp2Z5I4vPGf2NeFnZX2A,Maria-Elena
msNRGptet0S8knPwJKa5ww,Christina
z-mS3u-p3ydQKDzFIoxMBw,Alan
5uWz5_PITe7Kjfeoo5z77A,Luan
PT2kDWAaJ7Hubcgun5-nAA,Suzy
6pbNMgTnSYrtPHDN07IXwA,Cindy
zhx48x_XOjJQBA0DMnPG2Q,Rasheen
3IuR6mrNZfSu4GE6TGx1ng,Lauren
8sDYbECdeCIBLH4aTpn7Ow,Dan
kVdKaKc1ayNrfn7XIK9VxA,Maria
rnc7w8Nek6Pj-UQ44B3xeA,Ryan
3Qqi2SFrqZDmzb_txv3yaQ,Sarah
CClAZsdMgefsvDCMyHJwtQ,Allan
OXSLk0osQJUz4-wAz9VFyw,Morgan
uNt_dNlv7vc0BilLTgFabg,Irene
NsfgLoVAD2XcY8Ic-BUEWQ,Candace
scMLUgV1SzTe9TjBBuf3tg,Erika
cIVmIJD7nIiEcVGamfBoVw,Jay
kYb5ITkyS_jfEr96je_5Uw,Sheel
byIpgEbSQo6KHHhKymgU6Q,Cassie
c7Kb5z9sTWgvx1OwmrPjWQ,Frank
vk4smF4c8qFfrP36wxeE5w,Beryl
XzpJ4uHkxARCFQiZ9bffyg,P
C6YEJOh2TUgBUqwWN6a4cQ,Jason
KN7z3sYisvIj20NN0td9Bw,Jesica
kcXYAy6sBFor1QEOYNCzeQ,Shakiya
uI0AaW0XgsnxVwJ9d9bqfw,Abby
2D_f_K3DVHqucxxnBRmaeA,Matthew
Z1hILeWGTZOFBFLIJ1qibA,Jason
vFZUDAxiFZlEQgkV3VSsBA,Sunni
c-FDQvav6aIQrdb9589-CQ,Joanne
zSDTidPggT2sWVLt77TK4g,Colleen
3ZtKlGT9UNCv0tqVsiimkg,Emiliano
I773IdKn3uJlYnl9EIGR8Q,Gilbert And Diane
cGNlFHX1EQtLNRmDtpFw0w,Holly
HyecqwXeafZ9umTSw5WdOA,Caitlin
bJMV5G5AMl56dpZN4NizFA,Jillian
6gb7v7Hl0cCX9JH8v454RA,Bryanna
g1F-AAxuPdcqHvLSLlr8Ig,Courtney
Cj7USRmHxWKHmBvoHsdEhQ,Scout
MovKwawlw7RS0va8J34GOg,Pamela
teINwOK_wPaLV0cnjBsTsA,Brittni
zi6i3i6p9nJ-wd1sUFltGw,Nicole
LJ7_2tA1lL85vUQEVU5cPA,Donna
ioJ8jrMygqa19lLOVHxD4g,Bre
tcvvSsZxNA2C9QuC5azMFw,Phil
Tl8zUX6wzPH3KvWHcbc9zg,MaryJo
3UQfICWpLvatf_hYAWG6gA,Steve
Gz1IeVAZCtEYT-069AdJ-g,Lannie
ZuniSoRZP4cS8DoWLpV9CQ,Alyssa
jUsgLLXCDo3eZLJYNzYBOg,Kimmi
Osx-Q-wHz3IG9OaYBoLi5Q,Amin
rKGTBWaFgu8a60DFqeK3Fg,Lori
3yKiy68FCYwWJ0f2EWEUzQ,Clement
4StF33ZASP-kBp62BK-KuA,David
XKMThtOHNk-dJ-ExXFaq6w,Luis
NJPOBsiUf75JGraXMuDgEg,Carolina
u5tnxzNV9Re1EWrTP-IqWA,Tammy
0GPM8WXgZcUDV9Ynyvw9Lg,Robert
BTHXLOCKyo1z8ZrWq8-9_g,Jess
yuh6GcXMMOPe-ZlcRGs6dA,Kristen
HycJkwRLEgYFZG-hDh_zdA,Dave
F03TkDIMoPTtkj1smB0wDQ,Jackie
aF4w-Svr0WTvfq6DwE9c7A,Kayla
P6vRbbkofZrkEPxVzM4tsw,Shaelene
Q9j0NmhbXOVe79hm-0v4TQ,Krista
CFTEYBPCBhv36KjKrNDPqA,Max
JX1ZhnXkjQDaHlc1HJuUfA,Jim
gv0coNUFY-fibRwP8IKqPA,Bob
-9Royy6MfB668XqX_Yuzww,Liz
ovKD5cs5t_w5AoN_txDbqA,Will
av5_rihz1f5DLEIt5NrtNA,Jpgirth
fnxXONGMKeOF8oMmoCTuWw,Mike
Zg10ehYc6KzogXGZlHoWHw,Tracey
leKL1a80INsI_76k_PtRxw,Darren
y2PUG5elRIz6xkQP30DScA,Earl
XpnTnUz9fgHnfvwTGL6a4A,Brionna
iJe_4Z_731GUnEFYZ8xREw,Tom
PfkF7k5bk9ftSXrC8Q7GaQ,Monique
X8YWGJT8hxXbvD_cRfPN6Q,Julie
bx-hEZzg6XCue_UR2G7sLQ,Tara Marie
s8C7D6o_KI199rZYSFWjKw,Carrie
F8qP91AJu1e8wNwWosPwyg,Randy
zSbuDDt5x39-lgs0SwLgMg,Brittany
PsUgJaz3tw7OidJFkHIbKw,George
8mqhU8RgRBzPr9ngL-WvjA,Theresa
k81sEXH-Ymx7KlufQ0jOtw,Sara
_C1tVB-LsHo3L9LrEKheUQ,Kelly
RwLCUabG54ttGGzL-t1bZQ,JaNese
3TET0BbfTW8e8wgNHQXmMA,Brandy
WNAplpWkBfJo756YyIJeQg,George
I4cfBoRWEhB90HBdjh8z5Q,Paul
BnWbK168RhNWimKrKcIqoQ,Scott
6Q8dQGr_DBKcmQ1aXVWvTQ,Hunny
hvEPZ2OiL6g3mEOuGA3zsg,Monava
jzamul6RO5Q2pkq5qSQf6g,Terence Lee
RfnTgEh7xSUbwUa8ZWCUJA,Anni
v5vClPmXPONhQ5Y4rpbFtw,Brandon
HiYqnPFWd6AgKJa9mg6qoA,Alice
UIFFFbe6GlqRkAmn5h_MQQ,Sean
qjgoNe-l1c5B9lWTKoN4Rw,Stephen
DBvPXswUdJOXWYmGIdnPvA,Marianne
yvvgAc32uR8GLU2qHXJ54g,Kelly
qlqworrFVG4soIaFoIp-TA,Anjelica
5f9S9dKw4zVqDoy7yRLO4w,Tony
WEk-1mWXDQqpEZqs1P3RHA,Raymond
Sru74jmh8G7Ny70RVUnU1Q,Len
DK00bPezapwBpdXIljwtxg,R
XDr8lhIRiwIKNSe8AssCBg,Jamie
fT5DYuoAnNLyA69riXHPzA,Sarah
GEed5mSABj1WOb20gKz5vg,Steven
0pcoe7P1OblJm4Pt7o6T7g,K
FF2IGaAIUaCECCyxDDyj6A,Matt
TxkR7csswHTA-MoXCY-wjQ,Alex
wumfqWGYD8DT9nsou0lG4g,Bethany
aqTpbWwbIoBYFP-FPrYbFg,Sarah
e3w7nYEWShsYUjbJSE577g,Tara
ZlaYuS5VLNQoZsHYwjhYjw,Kathleen
W8cUutEXBE2f3wqWQTBklQ,Michael
-u1pc6o7QmtdrN5i23CIng,Scott
cV2aiFMsMcACVGAOUf3uGA,John
g-MxJs871TbxlTC28LArYg,Ronette
lWKGgTJ0KiI4tJC9njZvSg,Marjorie
ePxjx8tee06mn5h87X-Sxg,Amy
7TUCJHMkn-2DZdRyZeJSDg,Christopher
N8ksRxM1GpAHAXi0CDM-sA,Diane
R3h9RootEfP94fZPCjcwzA,Jonny
OziNKulDeAOHpHj9G8AQrQ,Rob
ZCJk8uHrpuGSp45exe2L9A,G
EDkSuVLrwifCH3DG1myxXA,Todd
Z6W2JaZgE9AcldePz6Bi2w,Jason
JeoKmFZpxp3bOZVXX7ksww,Adeline
76PW6djrso_xuIL_2QZpfA,Holly
S1LVQshjeelBJ9qUGsslZg,Audrey
GqtgrJ5wTiM9DUa1wPJM1Q,Roe
goUttWoUvwVK2wyKhSutzg,Katherine
HxdiIx27kTDk8Htjj99_fQ,Donnie
uHTikjpBLKWQyjVENGDS1Q,Jennifer
XDHIa7cmHBL47XYcPPe5Rw,Susan
ttKx423M3mJTI5MGZHDSGg,Dawn
pLZIZXIebqEcrX7IVKoJRg,Kristen
KMwv6qK14VZvC-We6l9LCg,Kittylover
M_VKtROkjKfhuh--615g8Q,Suzanne
wnpJIBb-IYg53_CD_86Z1g,Alissa
gRN3z1vdl-VpLhwTsdx1vw,Karen
bMQAMAxI0i3PJw9Rj6DtFQ,Mike
7WNfrHiBjhdgBp_CyCPXGw,Jorge
UeJeMBi2mkCce9fT7co1nA,Lani
eYyaZmz8rakpd7ogI1pCaQ,Heather
Nr9qZ2ndPGvO_mhiLAqHGg,Kerry
415IroN6eaIeLeJqhhcFOw,Shawn
x-lzTL-p_gpCuv_IrKimnw,Matty
6QzAPdieA2oLixtLkIBs7g,Nick
4hweqhbYd2YBJlouZb-c9g,Nicole
0OqT_KW-0IIiAdxnv7aftA,Matt
5cBooky8Y5_q5FV2zK-hPg,Tracy
Pd3PeXBtVwAYUKlCJghGQQ,Krupa
_O07bgm0k4AvHlqf9jDWYw,Diana
Vja38teF32OT1nF_dJOemg,Sam
0mYWiIIvd-xLMsG7W3R_lQ,Brian
p7Z2o3wy5O_zYZO4fHt1VA,Brian
DEiAhP-xb4i-71foPKSqxQ,David
hJPTuggjKM9-iJQyMOY6fA,Jessica
7huCGwcfhkVu0kn5wFSwbQ,Alex
fDlh1AFwKohc092MZFWQ8Q,Lauren
ptEcymfONqwChudSH1ktgw,B
XdXgIs4i5JFvtJf0rJlWsA,Taylor
OqbyZqUOK4BImHKFa_4BzA,Jason
EgF167uf_PNYJ7Hxa6e5Gg,Toby
dYjO4nkkEamI2KcFvVSJGw,Amanda
nld1tUCnYbgak4wi_jtQnQ,Ian
DCMuypw0dI5SPsb5HUowLg,Paige
5WktbZERzwqCNBLzSogMJQ,Craig
lvmeeWCYEZZuZ9ONHCIUWA,Mary
T-OcDXLwt0CCS-m-SJBoPg,Vicky
SOiXCwOZ9NBGq2OwookPkQ,Doug
WaFw0gox4Htj0dXls8smeg,Shely
XdX2Ktp1uKNyO8Y25HJ3MA,Bryn
8JLdZKmvh0fogmwt5GWrOA,Anthony
H6bYoXxNTwtPnYKTydPrVw,Juan
MbHJv3krwQvKWazPwaG3Fg,Lauren
JJHUDLhqxTvHVll-IqFb9w,L
mENXSYeCZiGE9giJeQDc5w,Rhonda
pmwdJJonG5Z1uq8x0ceSiQ,Audrey
FNtcMpVWX_M8IQDnql0sKw,Rachael
15qNG27EQ12dNTzL3kai2g,Karen
2C5rKxOb9JleNpkznNvy2g,Jen
j8UODb7MWmuraUTg9RGcXQ,Lee
fq5AaR_iZzkNyeV7y8hXkA,David
RSSr89hNvvQ17yyGnCdSIg,Josh
JxmCvuq8XDhmsdpbjB_QCA,TAmi
4I07-IWEqgtKyClkuDEJsQ,Danielle
9wH-AsE2Y8bnx2bIhiIk1A,Martha
QqO8zXOvaga4tTZ02GHXJg,Christina
IMVZIi7x3d3NIQH1T5MN-Q,Ayanbu
mQT8c4Zf_wK_M2GBHmHkCQ,Britt
FBwhPmcfboIVwcConFOFPA,Blaine
95frid0GX0e7puQXtWSHFQ,Susanne
EEMdoht5cQR6hfZr1KGrPA,Tommy
7zd-8mT1i241-a325mdZig,Anthony
Lm0uhdmpYBFOIlaQ0jcITw,Sissie
OXJ0DmiXNEsw4vhRu0EJxA,Aaron
VFssnPDBprBsPPiD_pgy_w,Kristina
ErYq_k9YfcpmOLd7JqHM9A,John
i-v015Oa8uK4JiHe0GC8mQ,Mike
MRa2O7cX1507JEOkijR8Ig,Kevin
Pxh7i-q_WoZdB8LlCQWcFA,A
YGr9CfLoLOX48XROFj-EQA,Lynne
YZEw6ZA3n6HKrma4_HGRgw,Mark
Vrvr1OwIewwfq2bZhHGbbQ,Collin
HTvYtV9fYYZSSLq7MpEAKA,Kym
72TY-OlNyTwF8hnrVGpmYQ,Cecilia
ZYgGikISkN81ULCgaVMD-A,Maura
jz3FoVc4oaROw6LKJXlNmA,Christina
3VpYwTpNhVS_eqOhCKr5wg,Sarah
q5Ljb5ttNbSvKf8FsLnksg,Ashlie
U7DT-y1jWJoKfcgV2vbcWQ,Edwin
oFiyZ2cojakEnXhDaJXDGg,Barbara
QxaxwM-p5KralUFFEqkEnw,Joshua
et134opthbP9j6qk_6sp-g,Pamela
g6PvBhmasyzlV-5RwVNejQ,Renee
8r2oqp_ok-tnuFcrnhlJiA,Tat
9JnKwuTNfTOh1fGGPe2t6A,Gary
aBhGDWTAeQJEt7-WRKZVJw,Nick
OIpxuY-j4012wxp4Sv3-0A,Michael
hof0egGfooFnQOSPscC7vA,Christen
qCxWgO3R69IGNw-kGh4FRg,Jenny
ItSKQOJQv8BnA3xPCD5O_A,Cindy
L7MBqGx266TzdawOkr0nrg,Chavonna
uHHQ3Z_yBhFt8Ff__JYlfQ,Tina
aaEr2-3Qaa4jo9rkjiqibA,Vince
YpqzYRB_4RFAoBjlnYtxOg,Danielle
7PJp6EvTomsOkadVcJ9O_g,Pamela
ONjpvBTt3Lok55TCEYERPw,Cristina
cu7nfHkr4fvDnQz8_CBamA,Connie
HmBatDDDCN6YYu5kQe8udA,Shad
g2a6_UTn73wP_CfjwedDGQ,Lacey
OccU84kvxM-g5usp8cTrzA,Stephanie
-Zl6y_vxDKGU9PYjzwKlTA,Jerry
1uYi0dyZEYCu8LMa8q_e5Q,Pinkel
is38LQejOhH43u1QovJ18Q,Hollie
Qo_J7n3mTs7IgSk6kSa6sQ,gina
bP6KLA4fICYs2cs4NsD2IQ,Theresa
y_oIXcwWhPTd3eYm7YKYTg,Kelly
IuGjI8vrUcZ54GnkHdVQcg,Brianna
Crr1ZGHZOIpTgxjNKP0ivA,Kristina
hEa7-IIWhZsMKvl0qNsGKw,Orlando
uFdtg4mjDrhGc2zq7u8fjA,Renee
K0_M8eF1Ilho-SWB9czf6Q,Shahidah
h27td1_zlBV2bE5_x_7xpw,Donna
mleZ0VI823iygrt1C0zwZg,Joan
NajX5fDsuIVzbRCKMh24Mw,Harriett
Dknu8weVenSmEh4eiizROw,Jayna
DbiZXAui0L2LGHB5E0blrw,Janet
5ixBmY_TzNslLwZMd6C12g,Courtney
RUoZN-01ra8Zf5aSIzYLmw,Ena
0ImZEL2ZkOci7IcEgeuu1Q,Najmah
ikPPknbFWW8xFEmyRNueZw,Len
Ry_mU01UOz29Cl5h-C9fqg,Christina
AhxrQ0zYajh9PK3JFU0b2g,Grace
yKis4vn4DOl8Owr8b0FSFA,Peter
_KeAuX2sKECc9p-19uYB7A,Alicia
y7bZBCMZForurdCCfKcvQA,Cassandra
jOZv94actrcZwlJdIgyjeg,Ariona
JI2A-yWi2VkD1u5nOEHgGQ,Maria
_w0xsy33d1nrM5GjRi9Q9Q,Scott
PVXPFEWSsT7u7e61wTRddw,Danielle
qRPV9cxCIklpnjqYo4472A,Tangerine
iufxZZ67gm68hoc95nZCww,Chelsea
2z33HuYX4ozoLjcsw57XQQ,David
oSG8xoN32MmqmrDprlfxxA,Michael
QUiJiUVNVoU0tvklxnhIRA,Cristopher
hWfEdLs1ynD3FkytJkRPtA,Karima
hL9exODglFhBM2vTBdfSog,Paul
6OoRdUDgYQ229FsJncQzpQ,Michael
SW6jqVrVln5PqUBMbj4Eqg,Zuzu
USR5glEXmYVi_-w28JU1YA,Cansu
2bHNEs5khz-qWDkhd7Botw,Chris
LmmlX5SZAror8oRKZV6KZw,John
8tG-VOcqZctOrhmhGIhsTg,Stephanie
SdLuyLKsk1SX0C2ib8_uMA,Marj
YC6Dju4He3_4fKet4nOKbw,M
bEsfji0Ffrm6Mx-6CYE00Q,Danny
CLeneDMfHDSCBvYMmtxvYA,Ray
Pzmkm8VO09u28GDGvTX52w,Ken
OMvpxF0dEIh9RUNuHPL1Uw,Ella
A60C-afknk_p1ZrGLHRZnA,Laura
LUQLleW_5HAiHlb-hSYOpg,Melissa
ZiSVCDzYzCxQbZ4TaJn8sA,Jenny
RBR50615lvgV66qFlgE05A,Camille
4rlHorcT02T5BWNyDeJb_w,LaShon
H-c0rG4Dmth9Q_EajKXDLw,Liz
7Rse58PhcmJeRm-Ksc4mAQ,Thomas
BkD1RnRsKL_N5nabIH9tIA,Roxie
MaRHn1fHEUO87NAuvFk5-w,Philip
tQ2g3kVkTBG2g0Gmz4U1YA,john
w09ZGP9pIZJxNfofwLfarg,C
XR5RWykVOjFPVsM7MoWk9w,Chris
MecnoR5_RTgjHcD3Q6Nc6Q,Veedub
1WRdKN6GeMDQ9UXbVdhHKQ,Thee
w9vvZQzxuAHMw9QChOleEg,Andrea
vTzsqAUCns2Ig0eMDe03rA,Ashley
CzZCrHik3YfUqKfsZecvUA,Brenden
tFsMAzjSmTL_HkWyBqJzmQ,Keith
oRgFG3IbbwuK8UOMM4CGgA,Lisa
50li4vGcLQBhx_sgP8eK5w,Jeff
WEQM1KEpLlW8yHvPOa83iA,Nicole
F1l-yoG-Zf7lotODMyR-Hg,D
OdqoeAF8nN_x2Y23XwYIlw,Karly
eNh8QvCPmyX03Tx8B2pIvg,Meaghan
9p-QXf_TSFCwG2unA6DYCA,Daneena
Ge0tsnqB_dObCjUCiy250A,Charity
nb2F4MPi6oyLasiLXzRfjg,Natalia
ZZYSO04uC2Nu-3x7711x0w,J
MYlfoAwioYZ0FR_zA4qRNA,Julie
FLJI2IkOQuiwvhnOoXvong,Suzanne
ZioiftUg21hE2SIzmoh4xg,Jack
t_ZVJR0n0vhHats9WykDPA,Sharon
BPctreQAlxlXTCNdRfdG-w,Stephanie
giRkksub0_lfS_qTVoSoxw,Joey
2ipK1ij4Dho2A5geiTzQYw,Jay
tOTN1kRoBJMYLjJCvZscNg,Frank
J7d_c0Qr_sbeU5TagmfqHQ,Stormy
IwEygVORmu7LG2Ivv8hwiw,DAdra
vcjmwCtVm8Z59yxEoOJNoA,Alyssa
og3jtLj21flZ2Xtlu82Oww,Christine
hqpWiUf11wtTPLfJSdODVQ,Alexandra
WX02a_Af3Ba5FQpAE4abjQ,Anthony
E4tRTUl40cH_tv87_YD5KQ,Chad
euBjSnXAZpPgT6RkMu9QMA,Deborah
uaTzVaBACpuFvAE5eFVoKw,Brian
1lm9t9D8Sh_YlF69ER0U4w,Stephanie
dhDFioIydbshgDh27QuWVw,Jennifer
QO5TmHhsy4wYUbpMLjoK2Q,Robynn
BtdqTErMCjvrQxKmBlJ7Uw,Tricia
ZpDd6i7_vvTyED2tRnn4Tg,Tiffany
zmS0zKxOejPVYVv-ivTBGg,Lucian
-bTabnaAkOjuZjJkLCBDqQ,Lill
tcTWVqBY2ayhj0EAJKM57w,Donna
h9SxPplaJ9ZrmFrUZyPqOw,Victoria
1UknKcvNsCO7b7qNiSUjmg,Greg
ulrRyKesfZSp2GuQTPmU-w,Mark
H7NRCvqQYTkn802-jqdJqw,Steven
yPnuNJAeXRA59HR__rucgA,Chrissy
4tnd3k-foRbvHLNCHVUEdA,Jeff
IrM5z29PEYmi_aY-f0Zk5g,Heather
A8-5Oz39WQpYkW7NpcOZIQ,Stephen
visQ3yS6Oa6JIoo5WmjJcw,Laura
fTM1PqXaY422W_xrMEZhAw,Marshelle
75v7IhUS_UV9JORmWQjx1w,Asta
lQc6TSiehV8vSpCHnWxQcQ,Bob
GeDkbw4M1Wo1EKxsUS70Rw,Jeanette
WTLmQ2oP9eOD_jHScOaVKA,Colleen
Zq31drx-JM2R1MKQg8uJQw,Long
EqJX6h7f0Sj8m01MKYprYw,Jen
78ZImmzW07qqlelRfdvOkw,Tubey
KqoHK77biWT8j_kfZgLxYw,Alan
tb1WpDqtINzx1342XaJLbg,Christina
5Ta2xyKyB12l9LDNpHFxjw,Zoey
GiEf8YOMB2KjFpm457M5fQ,Patty
T-8tAW0lDLj8PVQwiNaSZg,Hesse
nPYTEB1aABKNzRpjrMMhsw,Nick
SGUhwOY_YyfKMElHdKWLZw,Malcolm
n2RSuHvwCzeTDUMzSDnFdA,Ajay
2DtvW9QwrTZ9BuQP4rR9-Q,Steven
3md0rMyZBtx5Hswlpt6gVQ,Lauren
Z_BDJJd6liQcxgVR-63i5g,Mary
dELPBzAgYbbd_lETsc1zUA,Jadia
57hG8fF-LUKUlhErrvhWxQ,Jessie
NH1n0iJ9ro0gMKrRx16XRQ,Johna
UXPao9rI2-sI31eG8OUKGQ,Amy
GaSyMfBP0H1f4Us9bQSanw,Alem
-Q-mEEez_jZ6HRvBx6djWA,Abbey
i756RNWnA89qtqSgizWY5A,Victoria
h8wn8UQ-Zc37orCwfmg1FA,Natasha
q7oVVptmSXIN5dpfe3euwQ,Renee
BTzuBdUVdPB6oQKH82w3jg,Jersey
tLDo092Xoxo2VRvz46Iduw,Your Moms
ajkauOr4wdfUEUUCAOKKMQ,Hollie
q6VT7Nzypc7c68E5Hijl9g,D.
zb1dJhjlW3c-IAMr0OjZaQ,Adriana
AVbYQbFZwgXTGhjuwpo09w,Sean
VNSUKSZOm0-sEPl36gK54g,Amanda
F09ZG7FC53NhYhDfAbOAaw,AnnaMarie
2sSJTaigEicR9YF05mXnew,Jeff
rF5SFVvxHhs2EVQx-sGSQw,Terri
kcFUN5CzSEsIPA1cLk1Kbg,Lynda
Sq3pSgLngQrw7R-Xwp3LgA,Christine
nGWeAnwjnb6xZDcMgv2eIw,Jim
EFWO7AfQn5PRS2ZsNpsC7A,Kristin
e7jxG2JAl2OFabJIpZaocw,Tamara
FchNe0PmnvJIMiefF3h8Mg,Shemika
bzf8OqsAilnqgZsJwyQRMA,Marie
35VufOUuAngHwqIyxdEb-w,Heidi
HyUJfb7w4eP1w33_CsX5og,Joe
kpdM65-ESJQOQvZR2r2tYQ,Kelsea
Uuq95USjMXra4XsFrryvCw,Rtown
Xca3XaX66luta0w6XLqbxg,Steve
ZJS8VB7fVJhEF1mLe4yO0w,Kimmy
Rn4L5SngpfuRUHdrqQqHmQ,Andrea
jAYIkCIqhDgQcp7PG8z_vA,Seth
A-JY2Aqmg3utmwtyAAhFpA,Kellie
MN1f6pyuuDvfmd9LLJ_PgA,N
YV7cc6mX_58JzMbj13TF5A,Andrea
8P3CkKsSFycgZPMZvjmtMw,Jim
Qz_eMDoOA2B1dGgaCxSYnQ,Tyler
eh_V4N_hXJlIwNYzgxCTkQ,Gabe
qhF2nm5cJitFdpufsLgwoA,Rick
V4SYi-NcIBPVS3vPnzc4jQ,Jose
fktd2VVkfiNSyfDsuruIbw,Scott
kDyarHAThi2D-2FZvxKKMA,Brandy
1hgePsmvAkZDD9fDc3KbRg,Deya
x2H0YDr0nVzgiMLjeAjZRQ,Kelsey
7CGtp7yu-_dT0B5-jaNDVA,Keith
4P5g7RQ2ONKbgAPX3WP4cQ,Keith
-7fV-5KlUUMatLOiIOBT-g,Alan
vEgeIDd6_1XZY8I3oaomlg,christie
VSHsQ7crZB42JV1VSwMJmQ,Allie
GSvlj1rFdQnd5ZadctLJfw,Tim
tvn4pTZK-oXyttSh1XcetA,Thuy
5fyqw5D4Dl5jK-uVeTuk1w,Brittany
qfVtDWAVZQsJ6C-uo8HRDQ,Angela
-b66K5diYIQCydShlfkRWA,Amanda
btp6swRoSVQKrZbTeLJ16Q,David
F8Vxb5_ZF7RScdGmIo4OKA,Kaylee
21UUoGO7LYUFkSk3xL5zLA,Elizabeth
6-6iiucqY9s3-i1-nE16zw,S.
2zDNPVCqEI8gmbyFdzHBlQ,Annette
prYFKiIU3QmCR7j36S3QSA,Jami
4Uo-HOVhA3MN3mF-rPx-Ww,Herman
9fqWWcGoGqP1IM2OgLeAxw,Ally
hf_zhIW6zUiOy_rOajmh4g,Ted
fsFmNJHfUxGXGeWUgjQ8dQ,Reina
lEtgP72hQZI7Y_uehvxucg,Michael
Ei_xEgwh3Q5qXeynoEK34Q,Leslie
nfd0OBaFdJvOE8OdYFr8Hg,Steph
AYBqH97WuSYcvt2pgfDnbQ,Ice
KnqQ0l9ZaO3MULZBgn8RBg,Steve
RTct6lUlTS6Wq5IxezR6RA,Jarod
Nlu-Rb9PQPNlzW4JonP4Hw,James
CcCDhhboVzWRfS98zINQSA,Nat
fag7PhTV7RgbdTy4Y-GcOw,Nina
eujwmBw0-a6yDGvZk37J5A,Michell
noiWub3dqHjlwAAfaL6ckA,Andrea
jQqTcOybctkqinifC5fADg,Mike
W9zjrvwZ5iEBzm9RsoKZag,Lisa
kjg0IiKE7YWRA_O_8N2QBw,Len
IrZPCOLPFC6PRrSB-LWGVw,Jen
S8qM5ll9JD7jiSeoVyk1fg,Tisa
nUESAKJCrcqAxhuvF_jstA,Michael
0_NVV_8cR9CQYLh2OXqx8Q,Steve
ruTAZ7_Q7YAeEMeIoun6AQ,D
UnUYBdCKRgzy6Is8YOLIJg,Lynny
3MpcSOjcUGIsi11CZycSJQ,Jeff
G-0GDoOEbp5BfecH3GHgyQ,Tiffany
InDFO9qc7r8qBUaYvQpMCg,Josie
HH8pdzyQhr1oHT-9aZkWTA,Alicia
1-icdXJv2v9MMbytcVLBcQ,Melissa
CtJYAVS-NLHczRUtOS5qgQ,Paul
8SSezmhPfoMgTdhF6xk94w,Kimberly
MwMHeJE9TmBlRIvx_HcErA,Mark
7P7diMVagi4H_pNQRcxzLg,Nicole
PGUj3AEGp59bHKOa-vx8eA,Chris
BcEHbJuzgKTuqxMQY4AuIA,Kathy
dYT8dXQC-lqdUydKOXy_Dw,Audrey
hhag9UCLEt1wHNCFuA61UA,Al
t770J6WDIb1KmmUSRhCfKA,Keith
Es71fcNM1rt2rNwXf-dAfg,Kristen
Jw9-Hr7mpXpCtoRl5-0EbQ,Cianie
l0YPPJQUpsY-CLQysz5k4g,Ashlee
GcumlSpc8PNr25sGjTbAHA,Kaustubh
6Kzn-Ah3RCWKuDTDYL3vLg,Steve
ziqmpeDagwM5_IOhQQL1-Q,Annie
V3wW5azMqy7iOAbadHE6Ig,Da
SBlzqdfaruYnh_zca2AcAg,Angie
mQhvilXf0mAdwJXDDoC09w,Mandy
1FUGzCm8Q6SQRdrVByXJUA,Robert
czlLwRWwrkTTVhfq2InHwA,nichole
ai0MlRtZjG-egMz-PyQrhA,Mona
YNyQT1NDP1fWQJyLdJszAQ,Matthew
MxOgsV3TtWDurDru1XB7YQ,Dennis
-3CNoR9qVyD_P_K1Hvujbw,Mike
x8BpcZ6MUfEs1oBZ82fngQ,Cassidy
CFQ6tj-0LZtyMryyPjDMkQ,Dana
54_sc3jdwaSVeCMVqGDfYw,Chris
026bdRWmyIyer8gZqFqtmQ,Barbara
RXOp-XYu1GvP6O_AULgYyQ,Mike
wuv5FxK4Gp8nc2qgX9VQAQ,Matt
Oqj5S7e7zD5FYOpa48YGgg,Phyllis
3iOkVcdmf0KmOP4I26VQeg,Raquel
7E8GiojKnFdZLJHKzJ5UPg,Choji
0TWEAd2_yI8xHcOFNS1fCQ,Heather
SvyrB0ytT0Hy_OKycj6RKA,Daniel
DAyeHsYIc1KlFnHfKz4mjw,Gianni
yX7A-nIPx43J4bzgVHrx1A,Phil
822MNN5kvmaxfyjBg7vvIg,Cameron
ZUMe-enV3KLG4-dIB9MPwA,David
qzcC0LDOXGVpBwmPlUyUNg,Liz
F9JJ8FiGHdeuiRuYC9W4yg,Leila
OBN9mBQFR7DtUjOPiooC5g,Lori
aUrk6OqCInk05oXkAChSuw,Tim
gh0B-1MlhANoLxRyqTiSFA,Shannon
oqen6G_g58j1K_CGk2n30w,Robert
A_Wa0kvanYC1rAQU0N5NnA,Mark
Zl7x-VNBBgw87P8c5gBw-Q,L.
c16XkqyZmLtSlZ7K-X12OQ,Sheila
uYZU-A-MLc3HM6vq1flbtg,William
4Tc2hp5aVirSk1Cx73fdDg,Frank
57SQLiv8zBgpSFuQkOMGDw,T.J.
d9poWWPiWYUxMHqoQe4PoQ,Maria
o2ulzklqF2Kc0cUUPTywug,Amgirl
JwdgBs2Ozc3X7WsdPT0G_Q,Stephanie
pVK83chj5W_tLhHg3I7q_A,Tracy
0LtuXORiU6An_jGVfgvjXQ,Barney
g5Wbr_20Jd2dgOISb09z3w,R
g_eso2B0EhV7l7pgl9Xldw,Daniel
DJIAJO8vJ5t_rNXoUE8HEQ,Sam
edJWSzOrHFtGjwGIj817Wg,Jeff
sLin3tnq1AnNrtoKG9yAhg,Kate
31cTVdiBaQX69EM1zydKdA,Bugi
wbkIhf4lXKsh2Xm-u8GM0A,Marie
cmqGt517YawUsu8KB_CtUQ,Ryan
JywkoA7M2tRFRoDsftTGqg,Danielle
RI5qYNSxQAajeIVNg8WdIg,Beth
KO9XiG_xISa1JgmDLIwewA,Inez
o-DdjOy8X0dp5DUzZ9dzGQ,Big
RmInqW-kyKO_H9o9-FMrOA,jimnris
ZwZpyUyXcEKhCgi5oOVAPg,Kelli
RqU5-X0zaFWy0xrUsc0ePw,D
YVBov5J8Qit5uqlqwp7aKA,DaBora
vyQfrtDRhnGpC6WoVzS-HQ,James
wPNB-wUz35SaFsBRcGVLMQ,Noshin
aNP3CcA8a-D_G46muiDyew,Cie
KeHfTZUaZgzBBv6Z3jQkrA,Zhen
EsbIWbVIkZ0Ky6Rh2Rwk_w,Stephie
TVFDMcBNHa-VSn86jGONSw,RB
Mhd3McSlneUTjkSS6xPDZg,Jaimie
dQE8Yy6EDujaMJQmke70Vw,Phillip
RVMkw6UuQCDJIbMRatR0lg,AA
EkWKH1U3RmZ8UnsEiJHvxA,Kelly
Cgfn6z6nZ5y3P09c5NsXAA,Chris
-EsTy2PDFHI1rNek9OVWgQ,Melissa
HhFdCRL6RgVftFXPSIWSbg,Lisa
sEsCrfzrwegDwaKSKTXH_A,Jim
Tqe5qrDWb-CqgPBhxf7fuw,Mark
KfKe9VIBCjbBKGl2O8tslA,Bella
e0vKaw6oJl0o-aou8YzVNw,Burcin
dBO81OPqd7G_m2YNq89wKw,Alyssa
dZ5Kz_3VvsKQ52Vc6GVcqw,Rati
pRLICcnOGsp5MhiXBdwt3Q,Katie S.
0O9FnC8HbcBiX2xvzBHexw,Gina
XbYHM99u4WqHZfv6qp4cIg,Teresa
PIRLuTmOdA8HX1QaCNUFAA,Matthew
zg7fd5Lqylh6bEVzZksRAA,LeOnnie
aGffyvYdXpT7Eq0a4H590g,L
vVaZznS1qdTMzu7pHr1QXQ,S
b4B3275EJ52lyHsxiAbP-A,Christopher
yKQz1WrNEstRSI61_86jcA,Lisa
IMUi-JadQbCNAmHp3-TFiw,Game
-PoMfVi5K2GxXpR3aToXvw,Mike
aZpUMXB8ybm1CO1WGbt6uw,Donna
HhDFGudfodwduB3gYSgb4A,H.
tLsPQd-Vo4WiiEF5xEjm6g,James
jrzdSEG7W7vBi7Yiij8VPw,Joanna
3Vso7HKLyFs-eEqpw4Fb_A,Elena
U-GA5dpjI86ZzAYp6x_jbw,Katy
ASpOfYvdhWN-UbLXVAcpQg,Scott
dpM0JnNrhHHbIo1LUKg4Ww,Cris
DrfwGBVP2ezackvoaGEuaA,Eva
1lglUspLabvtgITNgHLXZA,Teri
hlgVe_eadYGlCV8oGkBnQQ,Malcolm
l5oY2R-j6UTXqY-gdIJU2Q,L
X9ifSriadFvNyEdpqGsytA,Beatrice
LpWm-2cXzzW5xWuMOZ8RIw,Michael
AMOXuSsAESZ9JzUCwFXYyw,Eric
x7G8BPexJ6RvRjiv6oUZ_Q,Ross
nb2cXX-plQqB4LuJQSaOmQ,Morgan
AgXDlW4SZQO5U7_ZlKgD2Q,Kimberly
zW593OC0k-SKJNHtmy3Xew,F.
c9_Y7oCylJ6tfdz8TQl3Tw,Bill
lItjBHtG-ZIn7ZYt0NWHNg,Meagan
tBlxhHAjHPY2AdMEonmylw,Bill
q-YD0_iEOPdmf6bP-5xuPA,Kelly
orjndc8WLfuetb-QUH4Zaw,S
CTf-fQSWnVLi8BYtakjuEA,Lady
Jc8TIQkEXZH8XTBXTixk_w,Andrew
w0wdcoSKqI8HaDIpAgCLgQ,Christine
G_a9M9WnQWrvYST6zX9RlQ,Alexandra
39uU2oONbLAOIm696HYCsQ,Andrew
kyiAHxd--vvcLupuAUXuPA,William
2jwEFwOw9uo2S6AXcD3lJg,Dana
xkZCpjQQySuaVbv6Jo9fag,Bud
bZ--21NzqSlNQ-S93iHf_w,Aldi
L3dMhd1RhICfdvjT9IF9EA,Rachael
dj0ttnhQXWQK86gWVGJxDw,Lesley
B8AdOTARQ54qaDzyGu7Vrw,Laura
q47cqWsTRysDvA1v9fytJQ,Gina
QAEAMWSuKtP9vD7XlLtfGQ,Ralph
Y83v2StiB207GvqwwyUEaQ,J
5t5iMyrt9e0kA69MaQq7rw,Sarah
B-VNF7MGUDZ7F8mIsRbolQ,Wayne
qVKPkdfajXuKqaukv_g1dg,Steve
E7zzPAC-TbSB1nuVe03dTQ,Clint
9LtE2nvXIY9zF7gHuPX9zA,Dawn
87UCrWpDWs_LJnn7WIgPyg,Christopher
LAwE-z6LRwUNg7-pR6DeDQ,Alexander
t54XsVKjrtNC-ZXI8YIK9Q,Patricia
MfuE21un_E9mPO3UG26PoQ,Erica
KfkkYE14pTHHCRsZWjrFXg,Ebony
n7T1g1k2dmWeEJDbWs7h2Q,Bruce
atKKI0q-47uDOF3KMcoCCQ,Donna
jFSmM6IHosolZLGGg2qrKg,C
F9F0m24u3r0GCLSbHv9u5g,Looloo
LHTrPH2KY7bS-6g3EVciVg,John
GXjU6_ZvwK2eLSU8abXq_Q,Simeona
XeiyUjjUzU-_0ZGpIzhSmA,Leonora
0MOc-LiWXtqsNYZsflmxUA,John
DeQl9HNCN2spSxasCbDE5w,P.
vOernNzzgtrgdNrBIb4G0A,M
WQ-ixv8ksJIVprxynN_QBw,K
qAxm43GXwn43dCBWysOXsA,Christopher
asDmod4QLGQlTgFtq7M8dA,Molly
Yqv92AeACSI6yhEXm4ddzw,John
jGaNC8Tp4lKI7Mj8-0G9OA,Anna
dbsUtWCbx0GX-YQuaN9zJA,Annie
S30FFIrFYvBsD69vNUVy7g,Candace
8DGc1UEegk6SBGV39OJtQA,Chelsea
ugREDcDago_2y9_snQJOfg,Joe
tGWMHDG_jQegQDTxr1m7jA,Jal
bTMY0yZc2ZcM7u_9aR7q5A,Parag
oWHif-LSkZIc-jj4vTF0lA,Penelope
MD4FOF9oUEEpZZYU0jTvkw,L
ecnNeoRbyAWpmAcL37uyfg,Faizan
Adm05emqn5AchOhcrD1b5Q,Bill
5cu4hzY6EPJE1XWtvNwcEw,Anne
akyoJR-so_v-kPlhvN18FQ,Michelle
2K6e4rSuEYKJpmU37Kk-oA,S
vzLaY-zW81FVTWKpbD37ZQ,Chelsea
1VkFSnruslK2Oz_CyFcbnA,Katrina
6Zu3fD9TwsRaJ321cnxypQ,Priscilla
bq_Lr9nzZ3zuwdN5nPFMTA,Jared
wPCxbJcTf26Vha5SQI4-IA,Dan
3XI7VECcBhRX10-5YS2LNg,Kelsie
qiBAL_VZX_Roy5QTbBVPRA,Vic
QlYmGDBv8ueIsGxqz08Jxg,Jim
PrLVOp99rKSPjoV2KMMEFQ,Lori
xGRc_HnZYGLaVa_p3qB0PA,Katelyn
ZltkgBCfJA_T8PtngxOK0Q,Rob
_jUbHF-VQeaBgLQYmS8MuA,John
MKvAbk4HpcdpWH3ajWedtw,Kescha
Xc5e6crUTe9SLlRcfKdAXA,Frank
yp5X_UIoGfmphub2hQrXgg,Peach
PKxALe4LF-es_9aMCu07Ww,Marc
13Npzbse25FSuxTvQvIxNA,M
D994V0FQzKjTb28WSTCjrQ,Rochelle
ET8n-r7glWYqZhuR6GcdNw,Michelle
fB7varMyUGhkcTDABHBiwA,Joshua
r3ov7FgibBx41_W74I1KiA,Pauly
zO2OzO9f3sVTzCgHmPFpAw,Jeff
95idQzFpDdWOS3PsSqu1Lg,David
WbCmRJCyEnRxT72olMNFVw,Eddie
xgKvl8DXfcYR1sj1LF5YWg,Andrew Lee
I77-4NBZDjLt3gbil2Hg9w,Tom
VjVTsctMEWfTVdbPmuUxVQ,Anthony
BmVwbsL8l0imz4slonyMaA,Morris
4GuJxlxj9pJTLiSL1G82ww,Ted
yzVlmiaDFaqZh-3gY4UMsg,Joe
bbZFiGdRJlxs1ys5RYfZWA,Jessica
0x7s5SZLY19HY_9q2o0wTw,Lisa
rtsQGaAIqCwf_foE8ElVjg,Brian
wFM4wby-36-5l-NheU1UoA,Brian
M-j3QMCvMZw8V5GKPzVCxw,Stefan
MZd_vXUOl54gGb3URDqlDg,Jeannie
ZWhJBtU81DTJ2rDpGGNAJg,Leandrea
Y6Y77MtWRIp2EqU75T1tHA,Candy
DPBXldiiyDGrQ_mOqts72g,Sarah
Go-orZ64YmYbGIW-Ms7DOg,Marilyn
ZFR1aPaMDgWbzsBkVEHxQA,Meredith
1vh3MGM67d8HG2ZrkQfOXQ,Christopher
hN03Wim4nDQ-824277aEsQ,Tyler
jW0dMh7RsBeP7Cvnvfe6NA,Matthew
ZcsOJrUPlFnMoDsFWlC29g,Dave
MUkOdRtkcgLtNUiO3QnguQ,Stacy
IImD_gMrFVMJZxLWmcdpKw,Chuck
wxvdC2EQJYV2xwgK-P_COw,Nikki
sSmHQur8jcZtOWIS6tlSCg,Angel
SEEoNBLERjmFFXWG4TMX5g,Tony
b5z-kyMJr8TBryVPSRg3DA,Ebony
q9uTZRlWg9v-WG2v76gGcg,Lynda
QyXb-MgchLrKr8DCXSWgkg,Jessica
sv3tsoO12zh_fw7oLTNkCA,Dennis
1l3YzuYAlTtS50sFyb0etA,Priscilla
llPKs0sD34i2r9IvLi0vwA,Eric
Z0RPYbylbgRCscZRMMJ3Wg,Jermaine
RAajgE7oe3D-MXgfcAgmIw,Nancy
CF5qkalTMvahXeIOLBGXSw,Janice
VpwqBxuwID9IZmzsEzzqXg,Ken
jw3X-Jvgb1uhwNp71vTGAQ,Tom
GQ_2kpEee1KXZCKEtpeEfw,Stephanie
7oxLvqjDOjtSesbFjbWrFw,Jon
sFmV6Xpz83VF-qPFhrOKQw,Meiling
r9EZQXy2R7Ebl7kkN3AQAQ,Will
amnIkiZ0WHWLJvLfndH-yw,Charles
SuLkeTqv07VU3KhPFcCDwg,Angelic
GCzviAIXrn-Od4bU84hU8A,Lexi
dHU72cvae-H0GWH34AYWKQ,Darlene
IKECyPUpEmfEQG99TnJDNA,Rob
72NCuZLHGYhz7UAYOORSEg,Zach
hDqlRSFcoAuB-_W1OKSZag,Angela
Ez1p_Xv9dr_rrq731Y9TyQ,Cyara
SwdI6NlCVhtMfVRPylj-pQ,Katie
V_Jn09rPpaUOVIEa-q-mog,Chelsea
otEfffY6G5yZPaRKfSi45A,Ben
Xhw6LVxmxBrkcu0pkozZnQ,Larry
EF8dMoLWK-Edf8NIY0D3cQ,Andi
0RX9w878R80Ok5iPrNBv3g,Lauren
Ip5-DM31e31D_FWukBofYA,Rachel
KK2dkaslrWy57KfTVyrG-g,Andrea
VKigXF2q654OhWKTAJmm9A,Brian
-t6cqjtjhcRsVMdQUhiItA,Fabiola
n3KTqtgRRBacEq5w4W-BBw,Aaron
Tn8iXFhLvKL3N5oxGI1Qww,John
maCZG_79zqW1I25LUca07A,Rob
a16cviLVP-yJc75qvh-0Bg,Patty
0wGvem_V_tm4Su6M5-nsUA,Anadia
96Czbz6LpBrWv4wYVPzKKg,Cali Jordan
zN8fTtCY5w16-c0VW7P8SA,Michelle
YxvuZGAYcJIEQJmgtRCi3g,Michelle
clX74lAMd7Y4q3K7beoHtA,Tareva
6-HOQZ9tvpGHYGhqVgHJPg,Crystal
zeIv2kOSVqtHPbTfxhBuEA,Vanessa
1s3LbcpNc7MILx62mL9BVA,Zara
5oVk8nAnMiBXepllZz07ag,Tricia
WXq-T0anQraysdsqhDpMbA,Adam
IQ09EsJ9VxrJfOg5KmWziw,Chris
sun3PKpyPqFa5lkJ4Rg0KQ,Diane
P9XnqSJT0dBWs-u61dDAJg,Rita
n3aKJqRTJM8JjrFn_l6NwQ,Katya
vYJGJAmZIAu09XqrEieGHA,Ji
IwoWjfWBQzDerFit0wP8Wg,Keyajah
qKOWuKXqa_16hmLnbntS1A,Emily
t7BuIsl744JBAw4EhMTdLQ,Kim
vZsH7VYNIa42wo4-f1svEQ,Michael
CThWxsQRYRkDvPJ9dOJzOw,Jeremy
Ikgr0Uy042QVEpVyXpU8jg,Barbara
NLC8jd5g6Jx5hPV9sOVY0w,Michael
HlRXfwWp8e43ZJQrfn-oyg,Angelica
PDjIq_nmePoT4VaJxeOg3g,Jill
edUKEltIBL1S9kGRO-vtfw,Rae
anJ1Kno9I871C6GLaLJc1w,Michael
LLhk1ygtS5E4AjY76BYe-g,Chelsea
orAGPF0osysIoqRFKtTNDw,Aubert
uGAgYL2qj2fLLmYxK0phDw,Rick
5QeDgp1K3LaIDWEIvJxLaA,Allen
ypAXUlbv4GCbI-l2O1JfXw,Syreeta
5Dk9UTY2b5Q_yktPwVfJMQ,Audris
peSD7qg-VecNndwpi32O4A,Dani
s9Xr0JjzlfZrz3OlZ2FP-g,Jesse
SsFYL3zoqE_b1f8Y9loRAw,Anne
J5nE1KT6OZjBgvPEKCRVog,david
GJJAn905kITAg9SupRH5Jw,Steph
iXRSClYZjSLExcl9xbpfMA,Kyrie
hSqoUqqiO9GcXXCWCw971w,Amber
o2CzlUJZn1mdlbWZRNK89w,Alex
TeHe4K1ZFLsDi3IWqCxTnQ,Daniel
tWySs8h39ptCcQfCtPv00Q,Ashley
KzSZ-yL0RNRKBv2Q8ZQlYw,Saby
Uyjc_VplwqrHc1Mu0bo6zg,Dan
gRGYox73sLg90b3r9xx1Gg,Louisa
WbFpzhY_u4ijn7AMN0smug,Egypt
UvN4OSrBvRMPW2dqXB7vRA,Peter
02qC5oS__MK9jB-ahxPw0A,Lori
8dhahUpi3z1Apz6KWZ6yQg,Ashley
MaeVCGyBCKIk_S_POhhW-w,Carol
vVWlmj-lx--QtkjAhs0Xlg,Abbey
GClnzK5uIiDLKhvxKFGOBA,Rob
H7O4p-wrOiDFjw9S8yOy1A,Cj
t0YyVum5sdj1ZZrkcual7A,Gina
v2pb9frfgnYC1s_kTcXHBA,Tracy
94tPnNTxp10PxJ-SLbrz0Q,Jamila
HKzoeKSxdfEsGlpR_44FKA,Megan
hgMFijB0nGoZ3vFsAYM-Mw,Tara
CXcKkjXYH8E7NW8CP6K2Tg,Jessica
-MmjKUPHrxUbAsSH4sXESg,Bonnie
L8yvMRYSyNk4kyiqMBmj8g,Christian
nC38NrFqfx5DsC7k-hevdQ,Ernest
CfI0j8R43YcyVhzGXMAcEQ,Brigith
cdDnhPsk5Yws9qa7q2D8cA,Stephanie
WGPxI1G9PWgbLqncMRlaKQ,Michael
ab0biH-gWWVGZ4bTeDCm7Q,Anthony
o8xoVrWWrDiJX7H12cR9Fg,John
UsZGD3uzMxwv0Klvs89fww,John
k0Q0Xxodd3Mpm7mw7MS56w,Amanda
xEQUdtIHsyTEfG9l3fBdvQ,Kayla
zeHbJiDMQpfTjgNyZPvbhw,Gabriela
LlxDlQnXPytBBLOw4YtUxg,Topazio
GoEMfLEgQDPfkIGDsou4lQ,Bill
njLAgCUtp2h1ZWd6jwbMJg,Michele
R_cEU86luLWPS4icVXQ74Q,Jennifer
J5nglzcF3iQjEiRkzF117A,Renee
8iZt0q6IlcDhxx5qW_9zjw,Alfred
rvWwu09j3AsUaED_QPiaaw,Sonia
XSfrNZIyAHKDb2ps1HS_8Q,Katie
5wkw8oWWumsncnyfdH56qw,Tamika
6W4QBQm3Tf2QHSXRBK9t7A,John
nu0gHTuZM6De21WzQyY_0A,Carl
NlN5BAiIdV-61V2n0VB7UA,Karen
kUbqx_VHDD6qEDzvEV_4Uw,Chris
6EdDnZKYRBCbg2KRFxNzsg,Samantha
QJQkwxC7h_VdK2LIu0Kj3Q,Gianna
W8HUz05IY7AkX70BaSSwFw,Michelle
18m5hj8Z8yrcp5LOOemcRw,Ishani
vevvUfJO9GUrWDLJSJod8Q,Jodi
6F5x1WKRJt9Ard9SyG8dUw,Kevin
kb-BYCfkqwOWTGSqxjOzhg,Mary
IgFfmD2M0JQb5Ufk6cTrrg,Bionca
4h72yYrEZLUFHUUFmT8sFg,Katie
p_HoDYw60pjqc1xD0c9e5A,Julissa
p-3GcxiOW6NDvrFq3Z0HVQ,Kevin
7p5a4RS7qAuBsUf7mT-69Q,Jessica
RHBEH_PAHLXaX8qeAe8_gQ,Ilene
xESTe7yugexrf3h3fZJvNw,Hannah
c61vlC0BHL-N3ABLp6ghkA,Nassef
dFT5NnBBVa9uQcd3tgsnMg,Shannon
EWpNkukzCsgyeiFjlQz9Ag,Deb
6BkR1OS11VsARi1typB3_g,Alisha
12v8yQWXLJL7GZy7Nmbeng,Kelli
gcA7UD03_TdbqMprSUZ1Kg,Sally
5HmLUb8rvsI_dZsbcFBTMQ,John
ceTZe8JPBTBXr2dDTG_20w,Simone
0hAfwMOHkaSlCKZFgWv9Rg,Jason
e5eMOk8FQHwalIxr3gBhow,D'Nesha
MlUzSnBK0LXOPrwYxim_WA,Dan
zvQmf9h7UpKiqt3XU7hppQ,Cecily
b5iSVTVaioic8HEO77o84Q,Rob
the_P32jfOsMfAdKSuoipg,Rylee
PWwnsgw237nIkoReARtzSA,John
ODIcOWZ0ek2yOvTYMpJGWw,Frank
U5pynJSRkPDw6-mtXsfkpg,Emily
qu08IGQL0Xp2rdY1Nnd02A,Amik
UTpgzK30m9Z-jFpixY-jgg,Julianne
vmpC46IVoj4cZaZkLw2Y1Q,Matt
8ewXsBFmmJARrW-bdniJOw,Melissa
MVw2iSN3yneOsQXKA6gWaw,Pamela
tvpYdWhmJClL57IKfdjHNg,Paul
Kf_0RdE4d7RVffJYguwfVA,Cetts
vlvN2j0I-cppGPl8VKt71g,Albert
oXlta_aAiFaMuqtVEis0qA,Manvir
mCSVYkRhr8Qng19wxDOWwQ,Cindy
7fSGBDquEyw9oEJgUmejzg,Rob
T8sX15RRu_gDuqQAMk3HIA,Michelle
iOG7FfGgtbtcHDX5ZzSP7w,Nicole
cYn5brcpOivLj9w_I1h7KA,Nancy
9vvYt_mxOFKIRDJuq2AjhQ,Kerri
Q5iAbO5riZyn8UQG3LpuOA,Melissa
LJpO_SsoK2Z6byql1d7XlQ,Jill
uYV4fdoQeJ99vgY6_SU-zg,Glenn
sQVfy7VzAW5PVVhq1yYB2w,Julie
1KRXBGbrzW5pog_NReJn7A,Yo
LbIOfTtO5NuvPWe51nM0zw,Sharon
2Kcin0opC5nN2JHYCAqepA,Charles
azigK6O2QQTzKBqI_1ITwQ,Eileen
Q4nDiNnGdzeoYmpLjsOY7w,Susan
3IP8zArH7T4v0F3kgp7tBg,Brit
NTIqaKV-RDsV0MPQF6D0ww,Michael
YPwmAhAC-DKQgWx5px2h2w,Jessica
ocHbMBxB4P_vUoqx5ooUIw,Nancy
utXGQXMU7WOIw5iY5LQp_Q,Lynn
KPRf0pzVk6Jm1Mt4cCciXA,Bud
yfAy1C7U5D_4FeNzL_scSg,Nina
MGU7Mtlhp1ExXEoEt0qnBQ,Brian
cV0KhUqDXp01ahwbdxbXWg,Carla
HyWsOYhHXXN0ki0jyL7KWQ,Jess
A09XHIhRbuXoE5e6oko6kA,Ann
rxTmC__cJC72010PQaqvsA,Howard
JaTI4uekns8D5KCAIDV7IQ,Mike
8YKwRY1s3aqm6-aldOmWrQ,Susan
UUFz47RLcE8PS4u58KAnHw,Greg
YyEKAZQ_RX5kphB9b3sogQ,Quentin
8JH4EOtNoWSyOlilkPK7xw,Lechelle
WjeACHZ_1A1auRGUheR46Q,Judy
cID_Iblh-6dv5Z2Q0XGzBw,Amanda
RWSKiByppK_SWwkHQQxaHA,Tamla
Rk_aXqTYYP4bllIAXcdc1g,Patricia
RhBOOSPQC-J5YIdXqIZmxg,Justin
-E_iCbvk80Kw29g-Endglw,Laura
rCkGeRShJsnJf2x6ZQ9j_g,Megan
hRrOqgZAOe-HxT080ADpWA,Andrea
gwI1bOuqb-rJAJX8pU_0fA,Sophia
w6Uqu5gNucZ6UqXRG_lvAQ,Joseph
GK5Mbh5hxnvIpNb5AbH4yw,Lori Ann
EYTP0tABnuBCD9yc_au8aw,Jc
1yr3WKTct1yoXoRVx7sRxg,Bob
G3N85_SVVGlhmfeFgtpXBA,Terra
mJr1gC0wDtmOK_ODZaV53w,Lori
AEQuGvZztQqVUdAyaJkTlw,Dulcee
d1v3LJD2a1xbpbnfJucOSg,Larry
NRn5ddCUt1QgnPnRnTgK2Q,James
wIfJ_5ZlkxYb0dgL43GABw,Heather
-zPROL4u1mZTlMej57Xlvg,Kathy
LK_hUtVYqlg9mPZqtDZpMA,Lisa
-VLTu1xodjWlMKex4h5QiQ,Jonathan
rbZUI-pxlEqXK9XOk4Hg_w,Nicole
JLrO6FgNnCUz8n46gJoJkA,Alexis
9nv71f4hhW3SIL8zg1PxAA,Ann
OkQHbiwJd8hqM2x11XKTxw,Najeeb
K6mz_v2RDQ7hiX2uQZOKWQ,Kyle
Tvmk1Ulk-tOQj0zJJmehSA,Amin
Lj_VupSibTVIqQzQ7CAKYA,Danielle
lnQyKu1NZTMThnUYGh6jgg,Dina
KDzl9-fH_lrktcmHRFiiSg,Regina
f1Mk3ZALeHfs3YnM9ikVsQ,Duquina
tu_UkZKhQvVCIAy8H0EQ_Q,Niecy
16xv08cy9TtvFY-9V4JLyQ,Miranda
ATJN-nvWofG9nbD-KBRzzA,Steve
-7vTJpG7XwFbOhsQs9z9vg,Drew
a-iWO1leVqx7VHyLLkCG1Q,David
443-nXaGtBUI6qaVUIBozg,Jessica
OYgtB0KCIfc07fkkNxyGAg,Jaclyn
s4Ze1NASKzpVXm7qBXimZA,Sean
nh9taidPGud0Pr8mgq1nPg,Patty
rrtaNwaQ-FVpgyagU6dKcg,Denise
4kptqdi65XsDJKXfkuvjjg,Alexandra
DN9iqsqzp5pMWdiH9jN_LA,B
dxofdueXZCAduj1eDrbOqQ,Jamesflerida
X-yVr0OzwnMOkFD0xoFFww,Tori
deWnXXqHsfOiQBQg6BtnAQ,William
EqxTRmQVFYOKDZAzg_jPUA,Mike
xIo7k3OBIvHQtdhHDeErOw,Patrick
kwBvwCUZNcswPp_jKO7GLA,Aree
KfiX0N9L71VOgz5cPa7zkg,Tim
gDTrJxYJteZSmu1FiHYCqg,Andrea
OXIt8isgAdGcJIqLOe0nBg,Celina
ieNvT7sziOhI3yHH1ikp3Q,Tony
k93gQr19zhn5NQ-4eC0fyQ,Hinal
Ahir_gMjw2qFusjhPQmsvA,Reanna
ESD1004H2IzQH891ZyyI1Q,Linda
IPksO3sKUmWYESu9yvm0Dw,Tati
4mo7k5DapkHaWV38Wqkmow,Joe
0gap170aDwR9PKjpIbvaWg,Aurora
AcF5Ttn9eZvRYBockBfC-g,Train
5dJnLvyy1y52iJNjxn-TeA,Gabriela
iuuImKeR1VqZkDgXkrZA-Q,John
F1pmZwy5Zvv-AlCsvuu77A,Jimmy
LbuImNkNzeLS6JztRBUwNw,Heilea
nIcO31mPp7vhxArRTGyAbg,Chia
gWI2w3BEsuVdB5FlYJZWCw,Mason
vsiF3aDk5i9nsoj6v7opCw,Helen
nLWlR8D1x1HSGf3zOJ4TTQ,Rhonda
_NwOO8tEbT6VU78LhHj6Zw,Joann
3ZLCF-cLGDRDsDjzNbRSOg,Ron
sYHDWCNqAs6Ja_4cCyom0A,Michelle
HiBq4PxEa_cjF385B-5b9g,Andrew
itpIFg8QKsHMRYsxt9afYw,Maddy
hjhWeCfJeL3-oRasCHBSCA,Pasquale
JlOylurxbZlGpl1k1mm3kg,Erin
AifuNL82YgDyv08AcOzFgA,Dieula
uST5cMv4MPNzMJizRY-Bag,Ginny
7IdohB0wY9hLYJkIlpd1Dw,Dre
-0MIp6WKJ8QvGnYZQ5ETyg,Chris
aOrObkx0ozF6kYIwGlEVkw,Taylor
bAyWsPPND__o3pd0NBUTEQ,Jacob
WQVi5SjYwB_oVm067-DKwA,Amanda
5YDCAanELgJ_uPoaqgb0WA,Chelsea
mpr6upW5X9VF5XZVWfekmg,Shirley
cV-80QcIjZah4-Qzp8hzTQ,Moo
-u65tOssm2_UNfF5wqhW2w,Claudia
ayKNGFh4O3v5t0JQBoI0_g,Ashley
aeBvxNwTxN0f_bXZv9WAPQ,Rick
mIDpLNdfaKVa1apOGEYkeg,Nicole
ElPNpKzMchuuOapDtJGo2Q,Maria
hlfq84LrCALma-yHxt0mBA,Chris
paGM5VGLGpK4uYpVgGY2Bw,Caitlin
GIcfmgK9xQlFvuLAG0t0qg,Joan
jvaDlqh3V3cuzStLI7Q6vA,Gina
JFMiExsF26Kj7eq4u2OFhg,Colleen
kH0SYrafzEV5oS8rc9l9xA,Savage
4TE2IPdI9_4dYAalTGImUg,Theresa
ADZ2a4PxorxxJ7AsB-pOjA,Kelly
sFU3f3d8VFfWBZF9heHnXw,Jadie
UQmmuiHTI6jTkBa5Pt59ww,Christopher
xRJBxF_sSLtKTbuVdz0aZw,Angie
Zes3bMZQM3kzTZPRCKtd1Q,Larr
vlekLWj-fU-RSD4s56f7XA,Heather
PNl4K4bCCTzWoELN73p5WQ,Lisa
OA-CCcPiAw3JB2Q0XMjmbA,Yulia
_cUamPZDhAOytyDqSXYvlA,Jas
UfijTYHatYqEcdmkEwI6yA,Sophia
XUaPuSVNT0Fx26pfc22tUg,Rachel
Q1Qy2l7rmv4o5a92x_E51A,Randolph
tcrIo7nkPv1Hhza9_VcrEg,Michael
7k6Yw6IHb98fzZ4JLKn1yg,Gary
TgLDi8zgofVkxSpuYUswcA,Mike
RskZirLyy1cyHV4ivE7cIg,Abe
AKtamO03Sz0UDB1z1kSRVw,Raul
_M3THRU7IVV_6QmUiOEMgg,S
SS5MsheTDa6Ktmu_hIdN6w,Crystal
-ozKZchJRsj2O8RNh5bpbQ,Laura
h0mZ8CW_l7z90Z2jLGWE8A,Victoria
HfVJ0uGILBm60mk8qpoPdw,Alex
lKcwYsaSUS4dYWCBYcuGRg,Nicole
TWZit65gZQ1AW4Qazc6Fcg,Margie
V4fAcKLnH8zIJVfIDL9K0Q,Nick
Y08Yxy9AdLYcLKRwaYG7cg,Alex
uoeB_8Cff5zFWWzzXUOLNw,Christine
NRBvM9AHOPYSXMB45RkZ9g,Diane
W1AUhlznEebgyQKJjDi0Mw,Jessica
YB5gCmpY5u6LzxSSKA_4VA,Bryan
OyFY6Muvm3hjM5neWraSpw,Q.
12C-F9-czrLnSqtFq7W-KA,Diamond
0coY3wX54amYDDflHrABBQ,-
varJ-fgCyGMwGz9xtMCYrA,Faith
jUAlBA500wejOJBN5g0_pw,Lori
VxfQ5Png8DrqUuIhE7mSEg,Patrick
CmWr2GP5PxBM3CkdIVwjUQ,Sarah
vwWNgj_1zMGhns0vtyFrPQ,Morgan
efCiX7xkCMPWpIlbUlnBRw,Chelsea
u4ky_pb4Kt8VM0Hl7olQ9w,The Bull
u22xbEylGavdr7hEPZv37Q,Mia
1n3IENFR9dpPztzTh0A6dA,Alisa
_4jppyouzDhwv4Sf1GwdDg,Mary
nf2huVm1zILYK0CNhOGUxw,Xavier
yhO0ym9pn3P2FTYYAMfvew,Harry
iD3ATFsVYgsNg6DcdMIOfA,Justin
Pw9-zg-6Hdu5Krvfgqj2Mw,Meg
rCbLRg0H1KZbCHfHcov3Tw,LaShon
F0eTcDJfCQ61DHNdMNKrXw,meme
-s2Sf85f1QzTTeQnyuoE0Q,Brenda
R6zhHQYkTJl7qcZ_LaLzFA,Daniela
LCc65dGGm3WAzIlmIspDdg,Laur
_Gk4tgDgM-tFIGspO_vacw,Kelli
d0cNObkhVJZxcXgTEsYosQ,Jason
_4NFJKBPh5hKkequqN1Ttw,Andrew
4FQQYm-nV_DelIOHu4ALmA,Rita
XVCNxEo0-5GJ173MBVMwKA,Jaqueline
JVnpfxni-kMYIHce7J-caw,Jon
OeNgNWqPX2B_IrCUn6Oe-g,Wesley
6zEArsxv-u9dUutMaxDoOA,Rahnuma
NO7afVkWD0zI5q1jMKsOXw,Mark
_qCVaE21Y0WQLDs7aCz9KQ,Jennie
tF02UQciEQenddGF7RYTcA,Christina
7ysZnKY0azGPknD3QHx1dA,Benny
cGFJrvLtswVj5t27gnvAlw,Jason
RF2fFAThrzu4-5TAmiukpg,Lainey
Sxar63y7w3LCo3XJImTbcw,Juan
TKTJ2FvFSlu_gOiaQ7Y_ag,Kat
jvApvqzmDXj2-9OiBQhQew,Ant
9-qfQlqYe3ZJo5QsejZBAg,Don
HkVTrkEuJh92y-uj60uglg,NeeNee
LMiLObFtS_bMXZFafCgfqw,Anthony
DHIO-y3UT0S_-jIMmpemaQ,Vin
FnQkN41WAFtSCzVZ8_T7hg,Essence
0s0D0_jpyoXLdjePIe0hAQ,Marie
QAhglqMV0TT02mb5T9SgBg,Samir
arOvafsKgviFKcubX9gFAw,Alexander
gPKDtB7KPejBPL-OMAaF5Q,Marie
piN0zq9RJFw-A1nyFMub4w,Tyler
l-Tw8XiradpXtStcC9S6QA,Jesse
nSjls9GpNfQIeZQ8aTrpUg,Leona
rM6vSG7DVk-D8lvJPTQPUg,Mary Ann
a77aY68MrgYSpbRjz3ffkQ,Matt
nx6wD_739SVbY76GXVOtnA,Romenson
_3vMAzHijVLbFpPloC1_HQ,Cynthia
gcejJcOVOJvdNg49pzqBUw,Felicia
mSzbvfwaITbL814IKeU8Zw,M
GpeNwcSCfgWXaBsNTx4biw,Mel
0R-CLM4yMKSS-qtUTn4X-Q,Heather
g1bxKQKpPMcHiYd7noGiBg,Delsee
5lTbzB1J1njAsyzdIWd_Bw,Megan
zY2FkVId2kt2illcVDIbpQ,Frank
PoOweiUo1CEv4LOpRr1xPA,Kawana
oI5THR0ujhmfg5WxNElMvQ,FW
x1ow2eXmTH9upD0kam3M_A,Maryellen
bUn07_AXeqA2-egLo4z5nA,Robert
ey3ZVqeGHKuuVkuWWymqhg,Clifford
eZOt3cs_Ft2s1ESv0VojkQ,Meme
bRdkZrrNzN2Vrf6ndpyebw,Sabree
8YKG39XF1bmGeS8iIC28Pw,James
JlTWwfa6IQiw3U-dYXK5lg,Deanna
vutfprCdBGnEqod8eZFIhg,Linette
Fb8z4sR3-V433igS0TWGgQ,Paige
a-rFMLwqXLb0ZqxTsCGHjQ,Faizan
elr7RqfijlBXG4Qp4kXfdQ,Sonya
ZuS4rIQbIM1Sh6z7H2tDTA,Tim
8vMgEbYwOUAeE2BjtVeiAg,Steve
HC0Y_VJFRFcwSWJhBpYxaw,Zatanna
0Q3dKYtiXehjNlTjiMD8dg,K
g1hklifFpOn4uG7NXXyiTw,Cathleen
j6XMZHZbnuj8vWMNPqX4Hg,Ashyer
mNsiuUS3v9hx0BGskwtazQ,Paul
JmcqmNNpk9L5Z8P8H39qHg,Drew
ohJSNxD2NXZNUEmEerUBqg,Warren
aTEBHBK8IPtkl5k1bhwI4g,Michael
TVx9nLkTSlOVXtQvF-Dblg,Lana
i-3RPyM6MhH_hJgMv2oW1w,Catia
kLALh2yXser95OoT2IFTYQ,Ken
DHDEyUp4cNfATzE17h7MeQ,M
476X5YT3Llj1_Gj3YckX_w,Angela
Zf6ZQuqm_xVRG3XHfEQqJg,Corinne
gx-26tN7D9DJtdSJ3hWh7Q,Flower
yPBRkp7FQjqMNrKPGnfpLQ,Qiana
Nr29X49dgXs_tB36E2ApUg,Brian
bjSefX3DT2HDMDgJqjcDmw,Richard
qrc8BILiiElExdRAqvFeLA,Michael
eq1XYabnpMLxFIH_092P8Q,Ling
iqXFmQhxabsLyQ_pQhDJSQ,Leesa
Q7iBC-2R5q66T00bHiAR2A,Nelson
Z6b56due6P1AbZPRF6FNdg,Bethany
W6tpWh0pQdhzatNpt4bX2A,Akeem
LQ-EL0NrogUrmyOVlOz9Fw,Jill
Xk-EYQgzKeYQNhVH64b8Qw,Coco
n2XNRafVmTk4fmMmABmtcQ,Lloyd
bj3hVUiFtIA22hmbJBI06w,Mia
yfKrhdd-9Cer3joTnJLnxw,James
35vt9AJYkFgT8PpYgnFGfw,G
X909k7Q2H7B5FFtXSnMJ5Q,Elizabeth
HGDgtE7Hi-yTcRfQ4f6JDA,Jr
ZDbV1jyaYt0OSthkySZeUA,Paul
L62v8WxmZlkQ-pJiHucHrA,Alex
uULpSlGsrfhz4nS5-dgrEQ,Kaye
lyYwHIZxFZni76ZjWRwd1g,Sabriya
HzDDHS5who6-HjqNcHE_TQ,Toshia
tIjpjV6h8kXRI3XxbrTvhA,Huey
rU1K8JthKMU0uCdrf8u63g,Barry
bA5hDbQUegiSaK_jBkUEow,Lauren
LnIvVJD7nLZkuF3RVrdcEA,Jon
kqU_jTufkqNGoxhKzzig8g,Jennifer
AhRlReugbO7oQFVZXsw04Q,Rose
PQ8ogMURYjEoEz8rgO_fvA,Zig
fwQ7myOfVCmgzy_lr005Jw,Aaron
k-DyIZMDuTG3dipEMl6J9g,Amie
mbl7JuFFVy5VLwcPc20J-A,Julie
4eX8XKIvVpTAU9opvjQ19Q,Dave
6rur39mXhgcghe3SmfdHeQ,Chelsea
nLpIo5lHALJi6Hf5pFnA_w,Timmith
V0T0LyLAK4eoV3wCm7oeVA,K
uxkOQHfcphFghmwUYjEvng,Lisa
uu36ohsr894zfpdaH-JF-g,Balas
0jwK__DRnZTs8P6eerK3SQ,Werner
qzswOdC5E7lfW0GsoObhdQ,Jessica
AYzLDderf08XSRX4VY8arA,Chanaenae
G_Vp4uO40v8YR292GXsodA,Mark
9iPuD0yKenE0rbo50E8bQA,K
V3Iuud6tF4hHNlXWhV1-sA,Bob
mh7ETB00ZePaECxRhI1otA,Korey
gExdQ5fdJJY_FU7BJUWC-A,Irish
tOlNA4qqYFjCsJM78Lskyg,Yomaira
gxYUecZStIuXaphMG_4pag,DJ Chubbzz
3lki-XYznSxGMYjlxzz-ZA,Stephan
GrYoyy-a8FM00mNhCSdsxw,Lorena
K-U6EkmbaPo5HMOEd1-RGA,Emily
RMy8XE0a-6rg0o_sOhWlZw,Nicholas
jKJWFtaAemD2l-il5SERLQ,George
YBX6DQznr_X3TsPwE_VmbA,Criscelis
HUan8bETCam8_cgv1Fkibw,Ryan
LEDPYpG_vhZMx4PKVu0xgQ,N
507_8spvj3vRQ_WMj6wcMA,M.
SKSlcw91JOR-wIpF4U37jQ,John
D2GaceTkfoqB9cAH4Yvugg,Sharron
3j0a5ybtbSm4sa3cFKk9pw,Matthew
pkg1pEIPCBP7CXtnAkOyQw,Sabrina
X6JvJyhIgxTAqolan419sw,Britt
yKBLocRLLP6JuGOop2Yrog,Khadijah
VMMX1rxaO6cB2dDhm3fwzw,Christine
HFJAAvSNKmhOSzH4_allYw,Mrs.
h4NNAnh9LFdHmARkXQ7XoA,Mateusz
gpf5i36A1qyc6m_fDMWRcA,Jill
aieWUdkAzOIR2ejXTnuWkQ,Bettie
hOKHkUkXyAM8nb-HosAeSg,Monica
v6yTBEJlqPJFsRD2BpVV_w,Michael
_oLLHF00_mQdOGyr4hjyHA,Danielle
hsoo78Z3aP8N_VkvcaM-pQ,Joanne
FKIg6BWh5SG_rcGkRYMnSg,Matthew
bMb7kS4ddDi1JrBFRyxfqg,Derick
R24Yrxx0nVetra3aM9jhKQ,Brian
ZSIPrOFW-JMR8rMnWis2dA,Kathleen
H29XNrR_EGrPkdZGEILxvA,Nikisha
eDLQEOlqM1IL_T9Bqjgy3w,Jamie
tzxLE155wafSZDhLLO91CQ,Larry
4Y9CTsJmNzH-qhrqQMjHmg,Joanna
IbM1Q1QsRytQnywaeViNgQ,Brandon
kie--AMLphoQEZtKPflHug,Bill
D3lzEkfyJmcHD5jeWOBEIg,Nicole
BL5b3Xgomq3WlMoqXCbUig,john
676cFWUNWDjP7aZ2yUjN3w,Jens
kNjpjmuj6sP0-jlJ4v9PAA,Dashona
pL1zTW3BoHClCLYj06IeXg,John
_j-xNDXLWgKANTYUWW5tBQ,Tim
2plMOWNAOV99HPi-T7scyg,Diana
4G6g_YcNnb1iNLdzvbm5eQ,Kennedy Khemara
B4ojgE7yw9J7SWrApXqj7g,Chris
HJ7A_m_xDYaN20cdS6Kfxg,Janina
B5zvB523snOgjGFjfUREKQ,Charles
236FhIaNVwcEJb6VkB-mSw,Karen
hdkz3JopR3sjcnnYn8D2pg,Jennifer
5WZsEfCg_Ql3VplsUByHSg,Chris
Hb10reHfqSEEe4-BVBjZjQ,Faye
NdOb1Ao1w8UVnt7hOQ2Elg,Steel
l8u-upn9ibuaugR4pbcGlQ,David
ooAgMDw9n8gsKnbbpPXgwA,Christina
BAokiN9EylHltjoYo7pxrg,Kasey
Ia_irX_xqSQuAtrk3E1BiA,John
PSETxE7f0_ZjIbaZsk7Fyw,Larry
IuavnzKAn8We366s2gcnwg,Michael
NQMvC5TnC6guXIQzrPajfg,Bryan
mcCiXdEYAAT6yqeFcF0zKg,Stephanie
0_RfX57kJnDJNVvjIDv0Qg,Kimberly
x92LndywBTRR1E51cu7d3Q,Allen
MDoqr97DW7h_QDY0TtvUpA,D
KkXLKtno7T_CgUCJdAvw_Q,Tatsuzo
LjaP1K3mzHWUfske9XIaGg,Susan
J6D72JvWpfgB2mGerHLpiQ,Eddy
sxJSvauDFXGn-hSxt9G1yA,Chien-Rong
zSJSbya4yryJbfWBtvnqJA,Sebastian
TkRtTisBqnKnsmNGIgd5zw,Josh
zxFEGpkzzdAb7qR6e6qWwQ,Andre
tZZBUkHUTrjfQcaXSbaReA,Danielle
9kGobka8PzgwdbVq15-Mcw,Aileen
xL0GiTX89OhYTXGo912VUQ,Mike
F8uhFO7x1-tfSI3w027lJw,Kristen
VhEH_9O4A7Tsg76VkHB1Mg,Tim
i6Fz6P-wGyqBYhovtIhgPA,Alex
Uim0rZ35FuJP-sC17VACfA,Rhonda
ARVedXj-wWUBF9yRFt99dw,Daniel
R77LmU9tJySLAuOC3Of4DQ,Alex
NNBngehw20oQ9-ch3-Rn6Q,Lauren
N2RBJzG6xQph2Yp-oe9alA,Lauren
InVpo7bOxDJkHG4Xa1RRog,Elizabeth
fZo5fh2cnbGcVvzT_40u_A,Brian
4paKLyv4V4GoT0-lkS-QNg,Katie
oi5_PglBLT9dpZpaOL3Yjw,Kathy
P9oK_sI0llPiAZzO7B0RvQ,James
UnulREpa2-xqxwnmiDZrXQ,Melissa
nwvRmkzEjYBW1EFckbRqWg,Ren
6N2Wg7RmGT-XhxrFr06Tgg,Amanda
htuCY_cxIB5ga5khSzap9A,Nick
0riox6StGBdPAwT4ra3g1g,Nick
WaYtqGL37o4hjDR-3S-ILQ,Mare
lEGEaPSsGMgG3dq22ANjMQ,Christine
vPqRHlnD6m96I13VO1UWCw,Christine
CMVUP1vAYIkLZZ9mkC2ycQ,Sarah
HqsNNibaKowmtUckQjmLzg,Michael
GjiZ1hhexXrTtExxTyudgg,Mariah
4im_kN_RLtk-8TxL2vfFZQ,Alison
RBzijta-uNRmPoMV_WMOBA,Jack
MMh2q9VX2RFwSQA4ECkGvA,Amber
Uf956sV7uapzMkHGjexLrQ,Kelsey
CFUoqC4s8TCHvbneHqyhrw,Shannon
RTqjOWoepXzuPI47kgTfIA,Andrea
ZMxeLwbEy7a_y9s47-4L4g,Savanna
I3Kh5c_FZr016rsFNADJOQ,Nijala
u4jFtGpwp4lfaRqE3uCFQA,Samantha
O4bUz4tKrui-F8pwL2vNWw,Richard
oaB2QdWB8Nl31Xnsi9ESmg,Catherine
perXii30tsHtpzrjFdGONQ,Kiana
n9MwLXuOvS7Ed5IAtftT0w,Brian
aV0b8oqZXJs3Y1MnC4589g,Tom
lVk0LlVnYdKQqJpmOPRlwQ,Justin
Da_Mlr5O1aYdQ9lA33FBaw,Antoinette
KBV99IK7T9UkW_FLjak3WA,Sandy
f3p1vxpTxcda0uzNJ31Huw,Essence
iMPgJ48Jlv0-guEBhMJIog,Bashir
SkKIdgh9EDmGIqSqGO81sA,Zem
5s0lRoSMBb2a-9k5JxRyhw,Christopher
azrlV2sp3bkTF2zA_SAMAA,Jerome
YWgj2_1FX8Fx7rFGj2t6WQ,Val
yNJ2IGgC9DeV6RAOyYqRKw,Christine
9j7oqaUNLPkfF74APCaXpQ,Alyssa
XD42ic6KVHUz24hQtSLFUA,Dominique
WlAqMEeln9yT-jDW2rzQkw,Larry
UlbejNOQY-eFAyS7RCWmTA,Diana
jew-E1NvGVcgoaXk1T0rjQ,Malini
Kb43XUe7OUuQTE6U4NRVBQ,Amber
ZWyBk8bOjPpIJ2jNlS_gxA,Kristen
GGvjj_Z7rh2W4wuvHsu9-w,Duy
SybMBox-rzn6_yrY0hkQuQ,Dan
nY1402fR_FWwNioXfkqQnQ,LeAnn
OIzywZ1JzDVALBLZixnF7g,Chasity
JsUKjyYgEoq3zgQEsf6Azg,Charneece
YpOFonarfwDgqIhjKCSbKg,Jared
PzXfrv7HSs-Qbfn8W9pNcw,Dave
zAeRTBZTHPmcyFTUOHdYig,Raeann
dNsIV3jXk8QzTYoZ2l-5XA,Wednesday
OaN6fvrMTSUG-pyVuBr_zg,Robert
WLg_gsoqUC8_BCGczDo01w,Felicia
Z53IU_xxmP9Oj2h3TryCiQ,Jennifer
cbSxX7HMB6uxpyowkEauUw,Chris
P_d8-exV4Sy5F0exMRqGkQ,Kaeli
_RYtKe5j8cRY6EMykq2aHw,Marla
79m1tk3SyeezN6AsO7AT3g,Bob
yI0K-o0DeHS9G8PNgB99EQ,Devin
1iCpZplozx4pdYhdmBZqqw,Amanda
0cLvdT2ANqM7CL93gccVjA,Chad
9FD3pxKmXFWblx6cDAJS4w,Frankie
-ZCf13dTuzGKMwKFRxTUwQ,Seneca
u4K1ZjSXltOW9llstg9TyQ,Mario
rkDzcDOT-ijLVzp8Bq5qUA,Jose
M6fECH_et0ffSODBrvQABA,Timothy
aCcIBUxjryOzhkuV9QCKVg,Brandon
iaSbfxOCpk6AuwfSwFN52A,Cardi
XOGRqvC3_ZZ2t0cTlJgVog,Anousone
oGHX5zHAcUd0hNbHo3eN1w,Danny
jpnowuelbIbP2EyAg2qIRw,Christine
qXJWj-VFnfLsjVDQWKXQzg,Preston
ITDlbbfphv5OzZ7l1cS6iA,Tara
pAYFnNkr0XqeLrMZ0SM2BA,Sara
SD3XH0sNFieeXvWtIqjnLg,Jeannie
w_Jsxv86L48BAd7VDTQ2yQ,sandra
bL0YC-foGN3O08Rr8xw0sg,Daisy
t61jZF0KSpjonh8K_9cFaA,Markus D
xF9QJu3P2yI4f_YPH_0QtA,Nikki
47VqNSfHBg69lHEzCMnlXQ,Kathleen
qFZrQFRbJv5nGj3l-YKCew,Douglas
kJqrpMBtpNn-GduWJ4rTuQ,Emmanuel
RZMqdJV5fIafqIT6miGX2A,Kelly
n8WSQ3N-DPoLq6YbsAqzrw,Andrew
gvdFSI9b9IvLuqZeIili7g,Jamie
YA8RIUE9iDo18SNwq8AEFg,Tabitha
PNeL0jQb7q4rAOthna4_7g,Mary
bnLDzyaHP7CczyJfYibPEA,Sarah
RF10H09h98BaHfIZ8JS8jQ,Todd
8-kJHKgeCWei3FC_ONFEJQ,Concur
QKNiFTb4r5iD7bnc2wtiUg,Tom
eVyt-Dqk6ODPhiXIVzuxdg,Tyler
Khos6gAWrKRnE0byDTn9wg,Alexa
LvOEoKvGvZtkcVSsxsRPJw,Lauren
3OpjIw6gnMTNM2BQTgNHuw,Matt
YxmSU75LkfspCF2gkUCH8g,Katie
tBkPUlWXw37oi1h_3ZjpGw,Paul
lV8ED4CAT4vXqHwOu8Pbfg,Henry
zCdZ82HB6G2i8-uS-ca40A,Jayme
WQe0DlKeX0zNymtSVotviQ,Kaitlyn
AWUXsbW2H4XlJFzYC12Afg,Jasmine
bJI1PZO0yPBSuj0rXEtaLA,Andrew
1Swf0JBVdyPrdm-7OQTE9A,Dave
ysaLYfLXa2MclPKPLaVRAQ,Jennifer
rsJhGHt4seTGhdBW3-iz0w,Tammie
Wwe2wFVh_crtR5v01XSFAA,Felix
bTLsulnVu-buk8PbgXMboA,Linda
kjMMP5YWnPepOQWLU7VHpw,Angela
HIfrfPS7-yoEcG78WXI0nw,Mikki
G_83X6-8hBDeZGqgMBaI1g,Patricia
13pN4tWmqKiBgYEr_t28ag,Nicole
dij6U9NfVUlv9nx1wIT99Q,Mike
lcLua659n3DvZDyHpXKbpA,Steven
sIEfZuCeWJXeZPkhCXRY8w,Jennifer
r9rDI1vUWA3tZUTrtYm3bQ,Terri
kgXtOag6mfRoIHa1LTjoug,Shaitan
ODqvx6RYYVBHq4VCQX3emg,Terri
18HFbNLnxEZwF_x2HiQT7w,Sara
JCm3iYuv6pbLmg29sY9X3A,Tara
6W_XLnhxUtokSxPPJz9IdQ,Tomiko
uqSLPG1VpH2EbDOYmoyQLA,Katie
UF8p3hWFIdDiixSD30Gecg,Jaye
-nHwoXO27fuLfxAfSqAggw,Jayne
xAlqzAgqorS1DvKcvoTkGA,Kingston
IIOymnKV_wU00yIiR3kjDA,Nicholas
AzS5rVCpcp8xiWg6WbCrtQ,Knight
xApwT6p8xgmkw2f5ztUmfQ,Devon
yIlcWq2ju7T666G0ylu-Tw,Anthony
YwEhMoHotL63KPT8DjWNZw,Ray
H0z1Q6jcHhs6o5S5Tw0hdg,Jared
no0cZXf9M8lKuRpOsfxkmA,Michael
f4KQYilY4nY1DsZIhNf8-A,Mary
_YS2M9azrqTr6v9wIdVeug,Shonda
LwUPvC9sFQnL4MRoukMsAw,Amber
uN714uycnh43olmLXtJPpA,Andy
Sl0rIEFSlKkyE9NF7w8tgg,Wendy
3XRu9yUojvHeu3axuqS-nA,Fatima Mae
X0AFebM0r6hIrFCQaCjUtw,Nicole
KjOUjMMI6M9HYhqDquENkg,Natasha
rV3OoSsxg2pB8mrs1PzvEA,Israel
fRKGqX2xoqeJXHCqwf7AMg,Lucille
_A8IviMw_JHneRz_SRo6wg,Gabriel
ghLEFspAPw449E5VD9y2Rg,Christina
8DFpuJlNYhGcqpRm2twAAg,Gia
9yLodNYnrdPRApn7sjkdFA,Quintavis
693ZkE3B_Q16DWYnUJvJ2g,Bob
DRGB1zLcsvXfJdT2aF3dbQ,Bayla
_0floXrkIKg-_ES6nJkB6g,Stan
Y7N92z_GeRz_gWgwohNMYA,Angel
AmoLEO0XCU4SoEP5AkVE1w,Mlke
u-1ANwK-1DpF47fDnxdK5g,Nicole
mwy_BuBXLtVHfnlFiq79Sg,Sara
bFM-rPSgZte2YbRI6j4SLQ,Shawn
dSKQnNgSS1NrrUY4ya3fkQ,Alexander
c5Omth0e9G_Q_FQNPfgJmQ,Amy
tiUZaIiPJ1Pd-QgWDZmVag,Holly
ynosZCP0gOfoCb_bGtFEMg,Linda
aZlcr2oZNCUprs22EhgjDw,rich
BfaDJf7sbeUEURwCA_VyxA,John
7XOukiHIFL25LGM7oVzoYg,Meredith
TnpQRI0nr4kR5L3Y_UKrPA,Kam
Z78Uu_sRB8u57TuMUpsQMw,Mike
o2Xs7CAgQcGwfCtH31QEgw,Lori
z3op050zoK1FRWJbYt2r_Q,Victoria
5HgXJBEgw5DifD2sv8KMaw,Elizabeth
tWhuGPKokp_JfRCkfrdCjw,Jennifer
h6CkTpfy2ng85F0cjVfSFA,C
OBmi7Fddj82chSDhLfegmQ,Bill
y1CUY_W4BlSb6d3oSQ0SAQ,Timmy
RSeEir7BUb5pG4AksE55RA,Joe
OmEZcaNV-wBsGFdrV1KWrw,Karen
k0D1_cRXaI99LcNbiu0vYg,Ida
vX_McdVh7ZcCy7VMrpV6jQ,Christi
bUcfE38_C8FoiwwObGuulg,Matthew
V2u9UDVXmzi-wDzRC9T4Ww,Alexandria
8yG3d1IbGtc75koEtsfI6g,Samantha
PtNis6K016L_FMRjiIg6Rw,Sy
HUNKleM5Rhas1qDKkGmA3w,TuongUyen
PaQo3Ji59W2uZ27VncNUsA,Nina
X-F5isi9mTKSPZZ79f0i2g,Justine
8NxsCKdRzZ7ZG3XC41UAmQ,Myles
rU9LrfVwV3pFSJXTjOPJFQ,Food Snob
tT3zpWoGya1soKTqQV5iRg,Matt
BJ7BUzSYyeka0AoVvoZ1Lw,Alex
WkTn3pSzNXNycvsX1yDrwg,Carl
AUsVj46MugSRbXJA2GeVdA,Marianne
1JjjWqzCJjU0B_pcF3PBDg,Anna
G2_gcnjtr1Pa7_amixfjew,Maria
VeQv-k6EZ6ZMlVAas4ACYg,Marie
Y86DmDVCEDtcaXO7LhSIOQ,Tom
I8V3XTLOUB4rviqJrNC6gw,Duane
hnLZVkpugWFxDzVa60E6fA,Jeff
j0ma2nd_5CCMaMRmC6gjrg,Robert
VObDvXZEf51qNeTHeEzSNA,Rocco
HiRrs8kTHHHAapM1YrhtTA,Mai
xA5fpedmP06LjxeqyaS2qg,Happy
Xuvse3O6p42qB1lgBLKCGw,Chris
ey7NiKshBD0lwcGT9iXLfw,Z
qYEvJ0sIE-PODbUev70tCA,Janet
jwj1LhJHSH6QBcnD3pjntA,Carol
yU-LOhyRe_8rPp4OIIKNew,Kimberly
_8jYTeOBMf8_ToIXINLmMA,Jessica
0CcBAG105yPYm8GWb7jmHA,Joan
fDfoxJkAdgCB5P1Hi8E6GA,Michelle
tDkgbW5fYO3Eh75eCXElQA,Heather
rNZYSrO7taOnTlOamgOPIQ,John
fh9A_-DcMsXRNQ6UHysiyA,Michael
AFLAbEk7zcRjgo7qIyr5Lg,Steve
Duj3KBQ_gsDe1bUMjDg4-w,Roosevelt
CMRspCLRez5bKcaQwaQSuQ,Resheena
0r0na4xWYuhVKUA7JNJNfg,Ryan
Eiyjd6dEiKUClttVgqnNeQ,Lynn
i4FohDuFhp7Cjal7fghIPw,John
T1BFiPCI5R4rE1bRe8nuMg,Shannon
zWdBcs871FqBgWRdoP45Tg,Gary
hGLbfGjdBSomwathmKf9hg,Onyekachi
VqeeWXeuEa8ugWI2U998sQ,Maria
UKWvMMrHc4K2t2k7I8mqEg,Danielle
yI829UeTJleQWDQNm7eF5w,Justin
TpyjGvGn54KVoxZ9j8ZO_Q,Nate
fPnYmCZJafHUaXh_LSiINA,Meli
IpPnint23bfZFeRQvUjW7Q,Janay
fw-LqxJ4imQbEpro3cIMIw,Critic
lbX0Qwy2yKTmvkKxRhB0HQ,Sergio
DU4mr4SQArotSBPmSYdWqQ,Rob
ejFTb4yQKDUHNu1MqCqikA,Rick
kF_-_vLfDRdyvBS91ac1vQ,J
I_lryhcKCcYFCaSDdqlDKg,Jeff
IppaClxQJADZSTybLpAlcw,Jeny
mjMTDjJqYj4DPg5zIFR-sw,Paula
eCUpLvCxilj8SOCl3rYcfQ,Jeffrey
jwML0PoxoE4WUCkHZGRC6w,Sam
x5nIDb-fdHToOs2_FuFX4g,Lexi
3biF27oIltaOpa1cGT0wzg,M
6b2hzYvNaLWaaF1LZL3KMA,Greg
KaE9nuwXaB-9CzNdMmjX1Q,Sharon
9sEmNo-sfaHDfqdkW-3shA,Christian
NblLAEIhL8wijYMR955XQw,Ira
WKZhTH0i9TAZNUcEPQsGrA,Kim
emedLHJIlRGnPAwbCkyJQA,Kelly
IMdMfZgBK4xySK0OWq_-3w,Will
pSFn8hle5c2K-LHnqrk4jQ,Joe
ntv1-pgoA_Ub6jlZDl86Mw,A.C.
O_AHWDBGfG-zIGSMmrVB8Q,Paul
QgxbcQIe9MxyceOAAg7LLA,Pam
2_bid9dUjnxfeeH3NB-EAQ,kayon
htBj_46_EEp7S5KSuU4UYA,Morgan
0Ec6VGUJ0p7gNH_f_iTOkw,Paulie
FKYKYFn9_o1Y6YNIBnlEqQ,Douglas
uMWygZcsEOZEGA4LpGAxhg,Joe
Aa96D7vv6JL-gN-BsNFY6w,Jim
1uy8FXuutTs5b90KFk2YEA,JJerry
y1SzNilxW16uBl8BAY80hw,Allison
ZV2f5V5RMQeSeimXSZDRWA,Olga
zKpzlDuCHawN2lMJkj8iyA,Emerson
RfpIfqhMJCmbSAwExdUMLw,Josh
EISIrC5t4ODMYQeXL3BqBw,R
0JY4u0EteQH2DDY2iheF6Q,Kathy
027i1MJo0XAL-JTSuaiX-g,Melanie
RFUY6YADEY-ysh_CzJ6J5A,Chris
ezT1xyZxruoBmiaf9C73kg,Rob
jqZVHPStAk_zKjhBYMNboQ,Megan
43l9SXl3oavLhezAmAv0Cg,Tara
kfcrBEZJX10mg8Nfwoc3dg,Maria
nr83B27BIKp7IWrn0pBU1A,Joel
95hTGd0kEUWi8M139KWtAA,Sean
aNtn-4NO03e5PNX2LMsung,Azu
SgeVI1nOnFeS25omRClClw,Susan
pvPXQMHFqQDZz2sa4H5kUQ,Lucas
7GDfzsgfvTtev503t6M3lQ,Sherry
4CN2qPNmYaACqAJ8Ezjpdw,Paula
4F9NJ5nRZPXmrBN1M9iteQ,Nicole
-lxHlw3mEkXhSaUa2Ugaaw,Sal
y1b6cxTlfEE4mE6s4TMIGQ,Robin
gBlaEGZ8SxgAH9NJs6kduQ,Laura
AhSnDCNhl4syx48X60NnUQ,Alexandria
xtfQeOsldZn8kHtz2ZF_zA,Manuel
vIghQzY9lSVYNy6j3Vo3kA,Jennifer
SQATufsuu86GNlRlDYvPOg,L.
xu2qFd_CCgXU0qfdvER37Q,Justin
3yBddNa4sWOSPWy0anQiUA,Dina
-ilUCA38uHQdJoMAXonlQQ,Conner
-e2YdMZKmFZ45p0WC3ttJA,Carm
-vJ9Lq7QkvfRpOEEMVfOhw,Nina
MIQtq6y4cS3_dSIStSoD_Q,Shannon
eH1jh5uFFh2ccnImGMclQA,Robert
wcBFY8hy5-9gJssYR5paRw,Edward
PYmQBWrNQ7MoH0dhyTzNlA,Angela
xB9D-NJMeYIN3icqN71YcQ,Ari
PB6UZxprKMR9m_8yB-7_Wg,Kaylyn
97gN9zSh-RWz6gRFHSPmoA,Debra
4wIBhCA-G1_9LesmmQ6Beg,Samantha
gYY_wphQAnFtPtgXmXT0rw,Doug
Xeb1knORz5JI6mH6wMFxOw,Carrie
QQaNPcO8kRCth_SuQril-Q,Jung
-pXRpfqsg8r1BRr4Bdk78w,Fred
eSF5V4JxoonAK_TLvE7JbQ,Nikki
Z3HnW1GZ2SafD1DpFQc6xA,Frank
a1Olsg6X8l5QM1cKZq0w0w,Jeo
PqdlcJrn39Xar4SY9vI5hg,Nate
tQ2iHOt--3YAhAEugAtzVw,Jessica
KLV5VPd5vUIGTkLchH3Svg,Morgan
ZrcSwPHEszDUwUv1N-5USg,Enjanae
U9RgYkf3uX0t0NvojC1_WA,Cherise
zByRf6prCd7okvkWcO9z8w,Armani
duK7-3gLS4KJMbfZIa_QMw,Barry
6gf6pTWzRMJxYM7VkxupkA,Jeffrey
0fZYUwnvTzXl8VSzTQmZPg,Jason
88VdIlHpGmn9ldN4juEa1A,Pistolwhipcreamone
B1uSNv8UpEBUyRT3sWLDFg,Sarah
vCQgOf_h1gsa1k1WJ7rWZA,Meya
jEi6NTDa49atuLr033_l4Q,Joe
mbsVw296NALiX8BllxWMZA,Sir
gOFUb5o9JsPl1m40SXOElQ,Steph
S9Cqygws-coznrvskXseYw,John
Uvgi8eNvS2eklPOn0nholQ,Jeffrey
jIE1JkOgaLr0MtrTpiHLjA,Ashley
q5WesgsaPggYD_nR7bCn-w,Leah
79QJi4gJ-GCwyrC3uYI6-Q,Bradley
bAmlcaXV_JXWJQhmPWhEkg,John
vIPwqoPJC_4lobYB-3BOVQ,Mel
oPIVAGNZ_BtEwTJ2C3LsuQ,Evan
F6ZQTTKmjaqmtFXp7GXcOw,Pig
64VotKPnfb1IungyskNxdw,Lawrence
Igyg4IeSp6cYGl7ltDzPeA,Sherri
yol5uLdNHUujL0_xDqL8eA,Alexandria
8x7xU93JZnq-KT4DDbCceQ,Heather
jvGYokkIDPJ9ezXueJ4hGA,Josh
Vjew1Yv9v0HTN1UvQ3XiBw,Robert Edward
uWgf1NqQ4inYWH_X5NbYyw,Doron
LfxPqCrvZBnSRee2_VZ_Uw,Jenn
L0lF1CyMLIps_OA-p9Ya2w,Adam
3izDzb1kZsSzMjLdfNwLpg,Kelly
7r1KtKN7t23fyo2B6BbudA,Small Town
RU2YBx4ZfJd-ZYHkm3RJKg,Isaac
qHnQr6bmytODFUT6CVUAeg,Diana
b6skcBt1fDCTnrhVH9PtZA,Abby
5Y_FBF1nSseDwNmwBsXX3g,Ron
Uk63-XLrXB25_zRCp48yyg,Paul
OvCFwvWdHYD8Q7nJnZGCcA,CHRIS
5bdVcNuOCy_ekdY3MZSeHQ,Tom
_URUZL5wCHzoGNv7DasS8g,Mitch
2NfiQQxtqHA40ZXnGVs-Ag,Ken
B8oFrqgJmmdV8b-j2f0tiw,Jenna
Fo66YNDuBakK_XX_hnUorg,Le
WA_0NXWAmIWxeE30edSg-w,Sally
xIyOxt6LkrvffVfk12f_mA,Crystal Ann
bLqOj1dbqUdnG3FUcNRhQQ,Frank
BC6ifQPxGy0r-5sgka9T-w,Sage
OE5XZM0d8f18lvmcpl1TXQ,Andre
PO60W9ZrOIAHMf5lr-A2tg,Anna
aN3XBb4IYxK00xNhyW02Tg,Brittany
jCk6g8bJBzrKHT0_6PbQTg,Jenn
o0xNMrkWb8iLvZLbK9CPJw,Mike
IdnxYm4Sy7LIK9L_weXnyg,Kristen
a9iVSYL0pDUnn_rJV64Ssw,Jordan
4GNaViKfrCl5KlwZK3x9_g,Reema
dl_dyU2Vzoj-swCL_fl13g,Greg
3e04kNnnjhILMC5YR4GnIQ,Sybil
kFaen1HecdycZEubqf48_Q,Assad
25xmD-TP-gMrbMXWOndBNw,Emily
5MupghRb4lsma71V8wRuaQ,Mark
7gKs58qta2D2Q_7uYy90og,JoEllen
YTaQ7nNDUa8cPHawyhHOoA,Linda
wWMYJb5UMLV4lBBfOPpxYg,Lauren
Q5kkuHZcyNxocwt6B1UhXQ,Yenly
3TaPYfZ4oKd6jZOJdKIeuw,Skip
imsHgTYeNuFsPUFeK2kkPg,Jessica
bcPAeN8j34d-XdRJ0lBUOQ,Etana
f-WW7qlCp8KcGg88Iqux3g,Alexis
U6byCWpWPEFARW__ObJRuw,ChucknCheryl
JDtvceWrLgO1j5fGxKCSoA,Ryan
8OM1YvJTwOowdLRYtM3S_Q,Krys
uhzZ_Rz4EkCHOCUliMDMfA,Corinne
RsCJsBhGxCjVUc_KZtW8oQ,Hally
lX40nLn7wIWy00ohwWuriA,Monte
vUaEgHIEjTYHJV4qqUeL1w,Mia
-UnZD4zHCZWRLi9IhWwhXQ,Marek
8RqiD01n7XdifuJvMWr9CQ,Diane
-YLjR2tx9xrdxKCnsrhONw,Jeremy
5HVsXteVsZ9KN8QqQlWJ6w,Timothy
zUv5AdE4AB70rl_2o0_PtQ,Tyrone D
EleB1k1LNyb9hf-rUQ8ytA,Michele
PKXsuAy6Zg0-b4TYOcZMeQ,Rachel
PIKMPSdL7rpp4SOoyQE8sw,Nayte
jJHNkKmcxSQiHKanHx0UwA,Terrence
bB7g7U1uGtHJiDrcvSJNcA,Desirea
2Iy_ZCjH_PuLULQCxRzZ4Q,David
_SBuufcU3TQPkwxhBg52rw,Nicole
-6MrOJCN-eIe37-LT-uPoQ,Rita
dpAeWAfWr2b3_Omj1iTbUQ,Linda
0PZ6aqFl3TE9RiAQje3K4Q,Sophia
M6pNkBp118CbESOYmdemfA,Al
HBmG5qqJhnRvyoVtJhF05A,Jill
eszJwXuJLkdT159NEUpO6Q,Tim
BzAjhTQZ0OW46gep2anv_w,MillÃ­
g_doxrpd4Am5rYpF0DlhoQ,Matt
iUgVhiWGlquBdDknIEKLHw,Eileen
tB7fCRttsF_M0SfjKpf5Ig,Sam
x1kOEZf5hbkJM8j3XwSt-Q,Donna
kB0xKGrP0-S4ENXhy9HG9Q,Ashley
CuWspDgA0XaVPm89yjONKQ,Natalie
hH4mrib4bLXT_KTgRdxFtA,Chantel
Gdj0gyKKpRDQu4q_ty4yzQ,Santino
FLbzfcrUqSYMTh3qLRF2gg,Linda
IDz0o_odbdDCXEHb1aYSTg,James
dOaj3erTI6z3F5zTQozFgg,Barbara
894UDCn7sUEpN2Y985iB6g,Mariah
ShDDr8THP-RQFdH3I_0VRQ,Alexis
eR8CFeAgdQF6e74rSSMFvg,Vivian
uEIBU9CzeYA2gMvyo19_GQ,Corina
fOGWu4lBLlG92xmNEJMuIA,Derek
_IFbrpTZv5BG8iAXYeF9MA,Celeste
jlf9W1Kf0_MzcMBO9pGwrQ,Dylan
NkUZiQBRf5PtMmPotdG_0g,Miguel
_GqVvnFw_Mq0ZdtmAhzKow,Scott
SHXkvNYoXSqPat5OHSGcoQ,Dom
2RCnyrzyOQ1oA9jSgL7XPQ,Pete
iyjyjqqnoYpXpvcjovtQtg,Mike-Monica
5Iajvtst-01SDhzUxtskJQ,Walt
mo9UZDt6rODRgpgl39NBJg,Joe
p15Rvsr0ebrGTo0DDc6zWw,Tonisha
VTQieSNIlcUWDMWLPqFs0Q,Martha
pgDP6q7-ctA_CumZrRadGg,Stephanie
avKeaJjjx3iDas-J8nw_Lg,Sharre
WwRt_eLq6QB158ZskjNm4g,Crystal
y8_C8mkMH5FM7H8DPvqpHw,Leena
NYgoYQKWTR7uX28nWOraJg,Barb
42voh3i4IrQeqe9pd_Ajiw,Derek
R-Saiw429yvsNVQgSiD7Kg,Nicole
JTiX10aTQ43DQZsPg_JOvA,Moesha
NOTevYao_s8NoH5PBvignw,Brenna
u6yVGmsc2WBJDPdsN8lScg,Joseph
JYntfgbq2ZqlOhqdhIDnrA,Sheenah
_A8gfC7gS2KHLp5kmDZ8zw,Mike
e77Wd23EiccXIWndqS2lhA,Brian
0ubFDSPBD20ppJTV6Q7xrg,Tori
-Rpn2YrQgOmr8oGcWI9rXQ,Vin
JL7t01Gc5VIEVFV-a9aDrg,Marie
EA2eo3lCIeHe0xT-1uhu1Q,Susan
ajvU8Zbldwvd2NnlyNUfTA,Alex
zvYSqlpOr2Nhi6ct_91vYw,Philip
yKGkgxt2g79awfSAt5ShWw,Jen
FwfcGhPGNvDCAk-X7pJXhQ,Susan
EeaBmP2lxM56BI8ICluCwQ,Gianni
SIWhFEyTCEUURdmS8DlWMQ,Charles
vOcPtvbMYHaOZbvsqJUpXg,Brian
EeY50-toUpzvjdfejCNJBQ,Jake
riIRjoepkD64FtbwFtBajA,Jerry
jcpA8itNe-o3B48llBfaZw,Radiah
xtJ4UAWlFHMOQAJ5CjdZqA,JoAnne
J_xAyWa25xVvzyOGfAfYNg,Brandon
1ZzPWEUDvL6-ur77YnxD2A,Pop
HiKniwRdj_QFf5jJDfGsLQ,Xinyi
0kG0OeQIqCo0Q6pwH1lJ0g,Azu
LTteKmj3xdbYQC5vPdEXdw,Mary
ger6ImewjqJxPfjStfUQzA,Julia
B0HqRf0IzytfenpG2-VwLw,Dee
Tc78ZxOorJu82gQGPj1lgQ,Derek
0t5pHjjQfWvRheJxdZTe8Q,Danielle
-vFaj3XeNuABoj5ertOYLA,Mike
kH1kFB2fbCMTvHlFQTQvBw,Lindsey
RneuyuaERYDk2OnAJiUaCw,Carol
hUBsysIg9iEIl1TXRS9LGg,Jessi
tm7r9cftS3MLvmE7VZ8bcA,Mariah
oqmzdb0vsqdr5CUs4OwfRg,Joe
WKVlsvgS02EZvpNEtzegPQ,Terry
nDZ7_Z11rQ1km0UfdfRddA,lou
tr6r9vkZABPmA0LyUSurCA,B.
CQlJPvNU20SdMCGRTi1TWA,Javier
zYURq7Ecnco3mAW_5eWByA,Carlos
qZfscklNnFo1MwnILo6m3w,Gregory
RcnTL0keABVtsazDsKjMlw,Michelle
_Gkv4efamcI_vnQDBXFzMg,Eric
4Lfj_xh2EL8C_S-UdKr1zg,Jessica
RyPRlShJ75ytkr3ngyL6rA,Deann
hqAeUe8OG_56Wm_Ye2CNJw,Madison
gUqCLmSohg6zLltNst6ZLg,Tina
r4NX1WmDZ8qb9OJWid1xLQ,Joshua
h9yP0VgUrm_qxDPQ9ljvlA,Jack
oY89vkx2xwnqmrHu1fYh6g,Dan
xrv39K6uFSItvOr3cHKESA,Danielle
ffpySheh0BxuJyB5p-kiJg,Bill
FAZbrjO_s8afqCGydlYg0A,Mustafa
qHwPZFwYyXvuos2cHrZmmw,Kali
Yg7O4dkCuKCswaft2NLdeA,Mark
1CJ9rOHzQBX6YkFuijWIlg,Adam
lSYkRLuZoT0Ppu99aVBkFw,Amy
J3yPwD_3dEDGALy_RAJzfg,Nicole
Fg3b3X3PMTK_p9lioGQ-DQ,Diego
hWLiL5dSXxdqr3SK4untfQ,Wayne
wtMYSKrt3yE2r-TNp_6spA,Matt
-WA08EWPffRq-kfnhQzYaw,Jordan
o7447InWwvzIzEYUbnTPYw,Sandro
BnVpjjj_3HmPnvmnV38tFw,Rosemarie
UhEISPrxuuYjvIsGkTbFcQ,Tom
wb4ySxCJ1k2TItWVOuo89g,N
J3QQApqF9A0ADtKlHjITBw,Rick
3iQqRQr_fw5I6aPorcL76g,Debbie
GGwhWpCIjGmcfCny4RjFFA,Robin
mEsEN66GpzKo3LtfID9AhQ,Theresa
HK49LrFjb7zpWofttBmWtg,Jenna
3aP2I_2fh_javoWoAyJ9VQ,Aidan
OpkaD_0vmBIGN8DNscud8Q,Rod
CqEU9iDI_B_P9M5c8_W_0g,Randy
1BwHEOxvSyyE5CFElBEUFQ,John
9nvgN0-TbQo2diWaK_V7RA,Ems
ivDcz3pWaYE3N5etmvCmFg,Jim
hP7YqKW8FN2AZ6zS_2DDrw,Domenic
XtQHWKEKW8twtT8k767Utw,Seanna
Ln37gjTfdoIyQcYfQPtDXg,Mil
0red6lg4w-SewAGu2KvkMA,T
mPbVQPsOsUOCiOInbef5ig,Ashley
JWkLQrAuyT5T4geQouTkfQ,Erin
c8QG0hSpXLYGn1ZLjnW99A,India
hT-ceoxPkPbbAdSWn2CEvA,Calvin
biL165c6hG2YShnpiFX_kA,Joe
u9kIy9OnBXb34Oonbalwlw,Martin
6r2xALvbXcjfGESZWGq4OA,Roberta
8Ms8kDXojBQBaHH1jyJbIw,Paul
yVR-B5eqPfxE2uYGQU8IQg,Fjo
yf_cqLPN2JlT6AeFZ5KC6w,David
_Q5MBLXhm5W13-olbE89gA,John
XTsuJJ4v6b_SN5bF3hhcvQ,Barb
VuDmbM1xjzVaTTYh8dcnCg,Marilyn
QYg4uuLbItWDqadUYkF5aw,Mhyr
9xh24BatWMbU20wd0CbYMg,Cheryl
H7IxiKXcDgzgv_6VG70EXQ,Susan
pCt-vcekJIMXDtTOYEAmmQ,Shy
IY7o6WOa-Iw0ynWkS4ZSiw,Marlena
mV1jReEDW92TI_lgi1nGgg,Paul
FDF8cb38lGF61RYXuKxF-A,Melissa
jyiTyQ5ng_mF9xvFLZO3jw,Gretchen
BXZpMiGd47ziywE0ai81LQ,Cliff
H8eoz5lbD3oz8gQ6fJST8w,Kelly
N1zdQsm1mLWCIP20OboumQ,Jazmine
IIma5lM-mKezJXe4evqs4g,Dean
JXnUfWA0XMizJlrQJQCxUg,Kris
W4-EhkcBfYUjjAexH4PeIA,Gino
sF4WnR6PHM7dTvgDDsWLbQ,Jackie
0euzqCO9bG_VNHCFEJAtfA,Alisa
pyd-cB_S4WI6vla_kdUaNg,B
3wwckRka1Rwd19BMlB7vRg,Justina
5TxUIO8l96tvNeO07fbxkg,Joseph
d-BQjtFwZCBM7KmfhLum6w,Christina
URK0bDSNPbxzYMJmp4YreA,Christina
rf805u8eKIHpu_pRSqHYsA,Tamika
FRxV_T3daXkzsNia6ZZF8g,Christina
72MncFI9YYN9HPiYjiWlBw,Daniel
qHrkdaNW7oJ-oSSOw6wLUg,Fred
4XomkggVsUHcB4uMVCrj7g,Haley
evmjSL-pLknttIDyab2hLQ,Gozer
kzVAmqnM7AFmWuUC_xEK3w,Ray
Ad5BP5jLlyUmmhmZdDvlvg,Colleen
KapZF4V_WYrjxinZ63KFNw,Justin
oRcMlJv6gqvX7PA-poeuVA,Allie
09a7_-g_IJWGHBaNxsi2lA,Jack
Sb49yvfUNVfTXdaNvF8Giw,David
QT_-VAOEggNrW-AaNN-Aww,Lynn
fId_I2-VmQUlbU-RPyT1Fw,Savannah
wzx46OboZ0NWNBYFlOvtpA,Samantha
daliJ_ElfU2x6Mx1oJvPMA,Samantha
2GAON-L4hSEeV8PozM86pA,Joe
VckJkPi_8XlVj7MyiRiewA,Kaylin
m0EJo28jNWWEeulPwDnQRw,Nilsa
qCYXywr22H9WykN8y81HTQ,Alexandra
4QHRVoCH3nuClXQRs_NGhg,Kim
MOocEHPQxOfY-zYc0pC1aQ,Erica
CAsBq20KSfUtZLPuSnSSyQ,Ginger
fsDqxYdrt5b7HZ5ZztVKhA,Taylor
ARwtsL8vk5aqxsSIXrPJiA,Big
ozqfX8pXLMLcCBDF7pvsEw,Lauryn
JDa1bsT67yw3inmBqG4_9Q,Adam
S4o9WZi8e_6iVTfoYF4IqQ,Cynthia
yQF5vtPU7EOqgbHt4Z3AZQ,Macguire
ZOC6Ry7Q2sYNOX02TzOFHQ,David
ErUmFrPd05oK7jLIBxB2zg,Gina
eLyJzq0D5KM3R9yF2IHxrw,Joanna
vj4ip93Vro3zvy1A_ACYhQ,Renee
bTf-B3zX9YysJucyqB5opw,Anthony
Ah0QUEoInio94R6Cm3OpmA,Krys
vtLTETtS6afcATdujqGvFQ,Carol
47VRkiLB3Vz6q9gJda6fUA,Krystel
dE2PoHhPkDSyjPsBdQYbTQ,M
UhJ-fxXOn9mWkvbJeiY_CA,Jim
EH7vwaI9U38LVTanqsGJBg,Dave
vlevzpIiqsfvv5PVk2j3IQ,Jen
s6gCWjmmB3StWlcSUiXJrQ,T
aOKsYMyPHy9stsbfwbFkDA,Christina
ncM3LZWeq6dvQhEjKW-iJw,Cynthia
UH1slQdPwR-3NHJ5OTpZ7w,Roger
8NOSdg_Ek-RB2oazr7tYDQ,Brittany
FnRIUsupRkDP4ua7JWM-Ow,Chelsea
kAyOfYcDZiZ93HfQEYC9eA,Jewell
FjZd9B9Nf1Z-D4D5vIepBQ,Ms
k0gx_TlqvtEXXI4zm2X1wQ,Alex
t841Yl4a8WMuAQfyma0Kjw,Laura
E16JxbBp6MEfbSKIMyA0Hw,Ramanda
K54E773AvstHz2EBRKRDDA,Ang
wKQBsWTYUhHgA4gmMZji8w,Angela
rU2jgFCJCD7WLfQLRO6ALg,Sean
A-UP6btr8CgqOmnaqON2qQ,Bob
IW6ln9r-Jti5zgNXiPUGXg,Nirmita
g_HO4hyFKceNjaNYIB0s1g,Dorothy
FjMrovmOy2gZymgWRe11ag,Mad
WEfDWJCqWgNoVMSFFS4nFA,Naomi
t5J9Y_aV57TfMS91Zb479Q,Jennifer
zTwf9otiMjsIHT4d1woF4A,Sandra
Io6Lpa5k-56YJuzra4iFFw,Sally
zdabIcvMBbj4kXBk8roo1Q,Renie
gGRW6vvYgeHo2xfrKkE3mg,Taneshia
qzKTabDJdr3q7IzNNr9EXA,Sam
TV3p-bv5yh8RgdJ3WxM7Ug,Deborah
ZButme4YzLIpbVzY52mKcQ,Liam
xVEE8MuqfitRG_KDXkMAJg,Steve
qBwT0nkioG-fbKkddzT0TA,Victoria
I21e2NMthik0V6ufhZSQrw,Firemark
eHHQD3BbOK9PuzxDTfEIFA,Harry
8N-bsBRJXQTzffazYTmeHw,Chyna
OQM_Fy6L_tgSiXe9xLT2GQ,Jenn
rBeUnKHhf-0uGjlApijg6w,Andrew
lTgzZ-F7jhg7cUHuugjp2w,Randy
jGVCPufzRPjhoVAk2ZONwQ,Rachel
aiYSqn_jXgGnS1LEVk0NQQ,Ricky
6jk5-hyK0AR1CAXiz9vvwQ,Gregory
kiGRQaREEMgX1fqkW9qnfA,Bri
9TPTy3KsYRERL_3ew-BdUg,Sherry
cMapEfq3Q3nyQzS3SJadEw,Nicolette
1XpKQtDugX2UFMP31OrI1A,Janette
kokle42LMGJWyxn4X3wbFg,Bella
dG7B03QrhRFG0sFeDMgbVw,Alli
xqeKwVC4m3vMtBDfPXSGdw,Jon
yRsiottSw5OkAxR4qafukw,Karen
OXWGhpKmQLCwtUcaJ4cOsQ,Hatem
AK05BF0KI8be4aCOOATTvA,Sherrie
SSQIhQvukjJ3tiM_G4Efag,Chung
1GLhNtkCpaG-Dvx_BG0qPw,Carlos
WkP4Af78lyJRu0zxiJXUQw,Jeffrey
bmuJV2muED1etamrWDv0kA,Kitty
25dUZCFa3oUXX9mRV1o51A,Annette
vFM0jeVJ-LyEIdgfChMQww,Lydia
Rrd8y-iKvaoMOXgIlBY5Rw,Jamy
uublMm3PnZDtrCfJcObShQ,Helena
0MSUwoYssDgvAv5JFk8YFA,Kevin
SBfbh2pjVdYNaBwPzI9zkw,Kay
j8KnxYJKDNymK478h_LfjA,Anastasia
dG4SQOCB5ATt7w62rZk1cg,Elden
jXG-k_rJoCC4GhNF6E1Big,F John
UNC5lxEiGZqYBjCPz9mINA,Luis
K0wucMaOx31yu5Dse2OCKg,John
8C5XpixWccEc9mnF0zYbxQ,Dominique
p-o77-MeoHnItc1N_jDHlQ,CarmiÃ±a
mfGGPjZDCZoRxwSAn26H2A,Jackie
-u5CsCUHOvP5OHYaNGteZw,Shannon
li34r6QUja4HE33KVampCQ,Joe
aXzRQqiiKC9D0ZdaIcC6Xw,Robert
U9Epoi-HIuhlj4qpLfPstg,April
wv6Q8PiF70uySYAcvo3DhQ,James
a7JocoiWoMG3Ruxqj-gjMA,Todd
QT7W98f-8ADqJK8t9tYSyw,Seth
gAjvNMMpZhgU1cXSXoXwzg,Lucy
PQFErsiThHlKAqrSDPOmdg,Christian
eZiw5te1BEBAWBilKg0B-g,Victoria
2XbQirg_DliTVosZvM104w,Dominic
TiawWWkWPBsMEdLTDWTjoQ,Scott
Q0qCcxO4hThFzbIsVwkivA,Sally
dRHhwMAI5wTYpzO604iB9w,Allison
pAU6poRywehRu014xCgLnQ,Jenna
nnHBq0qsYA6GUinIAj6twA,Beth
LXW5QkC634o8OCIPUBmFaw,Dev
oOmXnBsPj4qR0g2M1zHZfQ,Amanda
I3CCQC5G301OHOy5R0sIgQ,Kristina
6cPmSpRol0HADDgmr8iNKA,John
Rem6grPuuPXtM4l1px_IDQ,Pamela
f0nahoB4HYxjUyEuurdqIA,Liz
pU53zHxQ6qksPzX4mI2U7g,Florence
4GTcVipqIOMgJYJXJe9c2g,Andy
Y22BW098M-wXAKe45paJgA,Daniel
xsXNDBnogEpru5NI9x0Diw,Ethan
YOlr9aSbb8OtA3W0nKUrzg,Larry
_PI1HtZT03jQgsLtdIz-Vg,R
XRLQQkUhwokYd7tECPNtxA,Ciara
GmNI1yuwcz2Pired_J3b1w,Gina
rQ5MaXUD6YxbD5pXkyHmfQ,Katie
TUDpSpKhXUTCYmFHl0QKOg,Bryan
1XhYeOgx23GD_js7rP6EHw,Matthew
7uAkl0pXTT7Ozn87VH-w0Q,Felicia
0XqZvDPZoljhpoE1fCso-w,Aliah
H74fea5oMB3xl43lZ1QfSw,Kristin
6cv3f6q_1F24pc2AaMuS7Q,Lorinda
WIQZ6vkJMfSjqjS227gTtA,Darcie
nRHcWF2L4uAHpdtJK8Zkig,Brenda
U4iszUN3IgmjfYwR7NHlVg,Darshana
NsHdEZw6wGYNQxVSyAe14w,Michelle
aJecUL0SAsdZ0rMJZA7jCw,Emily
sfFmSEMercw-Vsbk3b3fYA,Cory
RTuXXa8C6DbCCJ7igOB_gQ,Rachael
_-Hgo1Ttz96wT26JXsPULw,Gary
h5U-womSG445S5lSqtvveg,Sisi
F70couxLlxWDRZNIVHoIRA,Mike
I6m6-HzU7KBpuLul2fekTA,Ed
4_Ccv-t3JcsWs046eYumhg,Steven
eBbZyWDSKIuD_trIEWDKSA,Darnay
BjSiUPNFo6IeeuNQxu-SeA,Keli
ZMHHxIp4e7ExGJveDXpZNQ,Natasha
HOI4LoVHugknmVgaaAvUiQ,Steve
jzlaHIYa5HxuR99C6dnToQ,Gianna
4BpMJlxRLwF7T62mzgJPHw,Chrystal
S2ZQQ8hk2mdmUYag-BrMKA,Ana
ybB6057A_EC7ApxnePmAVQ,Stephanie
p_SdOzLvGJ94e7MUqWWVDQ,Dena
tdrC-I5O7S-1T0-qx1JUww,Will
yoSJ9g-uVOyAaq23HwZ2hg,Carol
U-nr3xSfUU1iB1UE3pY1Nw,M
RZ2zT80H-uKe2e6M7JLfnQ,Harry
UKj6i6LSof3b4VzJnS7aSw,Cyndi
BkLNCQShxiW7187D8XIQZw,S
PO0u3MB_XDYmKRXRxLi9JA,Gizel
y2WIVoReYoBz9ZCx_ALC5w,Aj
VOlLlAm4fgZizqTLJWGrGQ,Renee
YPXnnAG2MeSQkgrq9I2AjA,Amanda
jbgfj-mTu-dNFE0Wf2Cyvg,Kristen
A5e0qs-oCj0Cj4fduCfKGA,Rick
1Nu3dd_Ym8PM1q1MZ0yQQg,Marc
11HJ4VJ-_OaBQhVsn8_hHw,Lisa
CtWyJQBNVKV-a26UGQCp3w,Abby
cIUuZXkeQNSw_SOgr_Z5IA,Kris
Sg-4ziKeUEz0-JqKsx5zlA,Dominique
8Y0BjfY0YqgoajkWdXvsOg,Fatima
uDZiBSQ0s4ySRPnU3FbR7A,Arlene
NuFOHF3U5DjKFP6IpVNr8A,Paige
j0gE873kDGO3TZZf3zFy_w,Tanya
EjcsBGNgOo61AjfOarSicw,Vanna
ABnOrGatzKx3kw_iMnLGjg,Brian
uZyNOGCo8qOae9HhWe9wsw,Ed
UN52XomNCHle8b3zYmBrSg,Jazmine
UqTfLiQIf3c_mrrEsKTSuA,Bri
M314Wq7FiamFMCSevvXYwA,Sha
Y229En98totVHf81uDi58A,John
Pdd1k722NlPRUJr9JRDHOg,Ed
Esi8R1gY82wSuF0Y_1fi1g,Robert
vRa5RFu0d9KIaCwkVZkkMg,Storm
BGLUmGUARSoSH6fg36U_aw,Ted
33kT5T_g9Gpuxrn7xhvxWA,paola
U2rDWxn8px4yjHghGXINPw,Lolita
Don38MeRTHtj8XJLMeYnvQ,Zianna
p9gpDqODX6u0CoBGmtAlow,C
3cM0cuJ_oMkau4vFKA10Jg,No
Lb6TFaiFL4sMtJhEPg_d0g,Chrystal
JS_CTdwH3Tk9oFJ_uoGz2Q,Sandy
xbVLs_AqtGmYSzRoGmGw1w,Kay
_ZSS-UPnH7XmY2Q_RWB1yg,Sebastian
0sIr0Iu5HCV-mpFyp8eLDA,David
wWn_vufDWEJsrrxtbXWA7A,Steve
5wJcVS2Pfz2ZGJszmhjqog,Renee
40V4u_CkI7uSNdbt1tgQqg,Jing
n5hgJXOU1zaXp8HHHHNmTQ,Emil
uwXkSAcwIEXyC_dmgmXkGg,Michael
tMdnLwojK47RzJLoL3ShGQ,Nicole
IlHbjFflKTrh6cvA_2YBEA,jacqulynne
q90iMowLADt9CtoHppqoJQ,Jennifer
_pb1qh11hOLKXCpVybbGCg,Myrah
arMxMJ3RM5N-wx-gNY2jtg,Lisa
BRFvFLXmdgKXm1q0dR6t1g,David
YUQiht1OABFqX97YbfYXEg,Vic
uieUYGpSBQB_xUEdm2VmaA,Linda
piL48BSyk2XaJIoW54bTrQ,Linda
DHAcoLV4IQsQZaIzojzSgg,Skylar
Jzy4YMaRPVmb3qy8PsQXpQ,Kim
fzpghUZpmn0-dOdXIDuwbw,Demetri
vw90IGluRctMZ_zyMj4UFA,Ms
CB4yPm9WdXyVfndLhN6C_w,Robert
DFnzv1lg72ruBQEZbBUkpw,Noel
JTO5SlxS1ckP2Rf8v7TYeg,Denise
KUdHQ9bVu6feAu_JUVFohw,Paul
UphMOF_BQJxMQBIAIZWFzw,Joseph
t1xW9AxCyXphQxjQ1Prj1g,Danielle
dd7xkcJyxbX4U1vm0oSc9g,Chance
soHYujwnaT0gnfTlUeJ1Kg,Adam
4HUCVFJ5_va7h6Rm1zU5pQ,Chris
0FSUxHSq8-3Q2LfJ5zixPg,Deion
7zO6KnMwMe5hWnA1uULjhw,Brad
XBZwZslf14yvV-0_5GSyCg,Alexis
7juyK9gXsw4Sv_iy6fXgnw,Jeff
MM03p4krYHZRxw4w2TZAKw,Kim
G4AxDGEhrM-NyX6rbqTb5A,Lauren
igJ6cKXOwPWaAZY5ZfJQCQ,Micki
VZJMMuBemsF3mgtA2qgn8Q,Spencer
vq861gWeB5CJEm41jbNFbA,Joe
-_pVwJ0utRtlm3jLCkkrXQ,Linfsy
I4RMluxbyyooqb6hXI6eFg,Isabel
P83Zo01hNwIy3dRXTYRqjw,Les
qf1iZVotfhZ0lndKS1tv1A,J
QNO59PUk85RVg7yyo5Ryjw,Kati
L__7G68EmF53ImYgaCp7yw,Mare
K6MVJSgQohlo5SB7_OVodg,Courtney
a27F8Bsdmgac0OGYZb-prg,Vin
x_ZgDbltT4Xhrqk_wp4PhA,Mona
9vJh4o3vjagXdBQrMURq1g,Vc
PReVh3aYiTbevxy7Uxs6ig,Tiffany
IysObeJADujZRBFowlfBDQ,Billy
Ga3jI2YwJd5VyRB9N7jveA,Andrzej
9EE2euKQbXvv9MwcYuyPuw,K
q4jr49fwmyaXlS9LJm-eQA,Cake
uTvNkqhwHKbNS5yJ1dMl1g,Janelle
WXmVxQ60owf99Fnn9Nz_xA,Jim
BJbbdVXo3DXPdE6sLMvLHw,Sara
B2B5FdLVssvyGWSsI9Z4AA,Jason
gwTSVor49u6K4FixfUOdmg,W
eQZqqSqq9EdXQ9BqpwSGYQ,Kevin
_xhksju3C3-n88A_VOxmhA,Ryan
D7MdINrab05RcB5gsg9-pA,Mindy
SBYCyB-fEM1o03tW7id1QA,Angel
DD28i8qJ9OrAsBF3BKLEgA,Gabrielle
wmMFgmXVyQB91Px57Sa4dg,Brian
Qf76uxcVwRnNaAkCMKolrA,Michael
h2Fp5rayyCitVMFkB1I1EQ,Mackenzie
Iwe21n0wd56r-v6GDGTpQA,Fionna
kw9NK567ehsmsEWiZ3T2gw,Tammy
LV2EprIBWNCkgyDUEQ0Tkg,Lindsay
KWuLgM3B8CoCwLGH9HTYtQ,Susan
XpF_JzzV7r9mwHEaFirsuQ,Charles
ITrEs2axIj9sJJnlKE4wnA,Ron
ZA94ltmLogr-1fh6ogN74g,Elder Lamont
4dJwSKxsmbcJKIl08VlhjQ,Risky
Zu6DkZ7ccBeVM3oXuLyOTQ,Patty
oKc8dQzvmqNqzEQ_dIuZVg,Scott
fg8UcHq5dxNspuIHnjEQbQ,Ruby
ZrADYzdOCnVZZ8Xeu9fa8A,Bill
K0pia20JSIBZv5HIiLbWCQ,Laura
mdLW2xXid97FGHIYKYWnBA,Julie
bdudZpiFa0C6738sfyXAuA,Bill
iZB6eh2vC8rjuO0YcyuhQw,Antoinette
gT49qI0p4lSj65bDrSJMtQ,Mike
_wuBO51CMWrQiDFQNFc8WQ,Abegail
-miZWgdvzE8qE2GI1FtRzg,Andre
mfkNDZ3o-5dYSV0qkDFuUg,John
3wvNoOj8aQtYBPjQQyZhuQ,Joshua
5Ml42Spt-eR3-EWOpHpsUw,Brittany
0o4zX0MWSinyDbhmpi_GCg,LISA
cKz6fwya_J37xtNj5wYy7w,Nickey
5f1qyG3RFKXV03mkBukkiw,Christina
8b7ZWfYNxQ_rJXMSf9Zfpw,Cyndi
W_vejv-B63JOZHUN_2Zrtg,Beth
9fbGo7UehTEwHZsTiSEwFA,Stacey
8VX2KG-SGxf8SOPz6HVnSA,Danielle
EhoIVkIPRuhsJexFsG2s3A,Cassandra
wSz2qk_QKL-CjCD0-VeSzQ,Pina
FJrKn0xK3HYqc1zl682azg,Tyler
oteAEl039C79zPja9erYzA,Joy
cysBdD0iVld1DrQVLyMOCg,Annemarie
KTTfmy7rkmLNlP9IiF5bjg,Michele
JKygMRuv5iVnYR5og5Aciw,Josh
REEVr2NCJFCCBoIau6tEEg,John
ruZRRKYXw8I6NLy1Kf946A,David
f68wY9EFi_Bnxmq3JSChjQ,Lestres
od8o-gkPEaLXAlc1mmAvLQ,James
AbItP07cYw0BuWsHUP38rw,Stacy
ln530fMOL73Cw0GqK8qT6A,Emmanuel James
lcKLE-i5sZZZXttHnaHagg,Loretta
wuRMW2sHHzDoKZepebYsOg,Kylie
xI37EYTVs_V5vZceGLWzCA,John
4irnnn30Tr-MF4TDIcTdJA,Darry
o86QB-IDafcUkIz4eB6wcg,Jacquelyne
WfZv3-3cTMkgG8-KFoWF7A,Jody
TfOYfPDxRF0BXZIyqYi3Ag,Michael
XXo6WN-SulIEZZSky6NG_g,Margo
6ZuYds99XsVEcT8EEwY1NA,Nikki
5aa8dsVqYZdarHVBZ8KHkw,Z
u4rsXtIFpZXNznPKiP_3Ww,Ashley
Ckq40l7-mg5NU1RzfAQy-g,Mike
TXC7rBgc19CvXTNfXQx0Bw,Nicole
u-4oGkYaVpOkLvxcEQ13uw,Leo
tCGnVRgmHpgDQnfCfwhYJQ,Corinne
gvXTtm6GsJrgq_kgxQM1NQ,Lynelle
nVhU8eeelWHd-DM7hP4mpQ,Dwight
9PX5RUCsDZDJQe-JDXbx7g,ZACH
DiKmBclaaO4jiClE9L_xkg,Wally
DogGYqNkGcdYfzvubr1H2A,Vicky
o6hF2HGSyvv0r7fAff7t7w,Tammy
eXc3XE21Vw72JtUd8zhPZA,Cathy
GJkbxpDsMasdEw2q966R5w,Scott
0YkS1uALBq4NMcHLoMdnJw,Lee
mpPdf-S53h3LBCZ_NiMv0A,Cierra
RgttUOJYzLqdfVs2zSjhnA,Allison
tf69R8d_vml5mBxnraOPww,Dominique
UQsGrl7GltJf3CyzQ2hwVA,Melanie
Ne3btWmasrEbeG6hPwSHOg,Pam
KEyU6eEKNL-M8k3tWSoquA,Terri
LP9TeBTLFaWoCl4EissnKA,Bob
HiUbZADfobgkLMFQyqeedw,Tasha
BcOIeN59rWufLvqj8_2mRQ,Nicole
bvWpZq63eY3YjvyDt7HClw,Lisa
z4i8xivjeP9QDgH2R_8dkg,Sue
cJ2CL50GM-8NnT9YL7PKug,Yin Yin
pk_a3ogG7y00-RqBQFsHOw,Larry
UjdWdv1ctIWHeQan-mIvNQ,Marie
oW6NUvKNJuClnHm38aNPyg,Delroy
twKh-3hbY9Rajm1dntNQtQ,Greg
OaByvtY4ihAAmiGe_2PJYw,Monuca
J2Wgud7vO1l6f37OFG1suw,Giselle
SGcplBQe1axWDDJypRNkhQ,Lori
3wmpcq_CoioUcMY9MXlPFw,Anna
NFL3Ohmjer3LeLfYyqgoCg,Vonne
eA_LtgFCpVMZcQJ0IYCVZg,Mark
taIAWv0Km9wrlqkUxkn2bA,John
xbsvFXPwPnRXAggnm85b2Q,Joshua
wWuvUGwYA8zTqx6IR6MJsg,GinaBaby
m8pmP8KWgMsdAK-XkatEaw,Michael
YS6Ssat7pOPM7VQhWJHv_g,Cami
CtK7Xz7VTvgLC_5OvEpkJA,Erica
7yLE5GuTiQurKfJDFBoX2g,Khadijah
vWmNpt9E3WXtT_cV9dggvQ,Scott
QmoO8vp8AU0cP87r-kYiSQ,Kerry
xHT1X5VZOHlstShlW1TxYg,Amber
TXep_W-eiFscVzYizbQUFQ,Alhaji
Ibfxu7wRIcAT6CVZRNmm5w,X
ZyrT6kLmTKLWHnorZw863w,Susan
4Aoy_DYOuwo2PTpnlYggnA,Kim
OGR0a0IOaIIYA63U1OIoWg,Lady
lvi67LXqYYWnLidD8wt-XQ,Joe
IcuasZ00I4fg4cs97dFMZw,Alicia
shFatdQvmThesQu-R9isjg,Rachel
qM9xtFz7n3mE2gWL-aRx2A,Scott
WJdWwZ-g8monL0WAvruGxA,Van
7BVxsZt071RnYKOpXEABdQ,Erin
a30SSCCzri3BNp85IuLX6w,Stan
po45fRqvj9LUBvlGBDV8Gg,Mary
bwfJla3nadGxv4v1N1nfOQ,Tara
quPvnkXnEfW75TKC3gUlLQ,James
3KkiGGMlWe8eCbb0Wtir_w,Michaela
8y8Xy377NX3MQmYsDJ1_dA,CB
2XihB6BI66DtIrf3VXX4wQ,Amir
z3xM33lHr1TuQm9FHmquIw,Nadia
de_q7pHmEMi0nrW3Bl2Yfw,Guillermo
ck8ABWJJAUSjYIV9pNpfjA,L.
jQvrsgZ_bA_EG53Qrj328Q,James
legwExaW04WywycwmrjxBQ,Ronald
GNQ9EDYuJgGBN03Cs5_mvg,Dawn
Nnxu0hwnQ_c4MZBYqkBCDw,Mugal
6W0JGIQi-rARosD6p9aA1A,Stephanie
f-wzkw7NgkgQ3e6aMx_7Ng,Lorenzo
xvdkeWY0421VZicMbYmz2w,Leontyne
QSmm-BVlRUoBiVyBmQkldw,MaggieMay
CsBrAdF-fU3OxYVV8Ut2kg,Ryan
omUD1tyo6qvlI64oFwheKw,Norm
EnvTIL6t05FThUpM6DUAZg,Sade
Yq51_kbuqbk87_BwSlZ9TA,Charles
0uE9MApblO1-SWxqhotabw,Joseph
_FuSYOyjbh4XLUbjNxFUAg,Corinne
brKicvQSXiiivTERYDPYbw,Dya
gWnBkcdoZo3f08nrKghE1w,Sean
ylbxOwbhmWoAW1SWKB2Cng,Sue
-23fvrDipXmZf9edeiF2yA,Lee
CK-pDVKNWwJTsLkJ0u3svA,Tim
kW6u3vwNXcKc7OUO5hkQfw,Steve
kLI4g7qrfiDfIcLQqKj59g,Gloria
Vt8xWX9H3GtP4jISv8LPBw,Kim
Fkba3TPoumDN_Bi5qkvPpQ,S
s3wHFUv7H_Yz5gsWCTNJ7A,Jessica
GnnAEm0XRcZZi4SZ91RXdA,Kim
WbOpKvE_WoAKtuBh5dg_Gg,Alan
jT4GlwGLXjMym741EwYOUw,David
ld0owKatIVOSgh892ydvgw,Nia
XJ6kB-V9qakJb4-SMI5uhA,Larry
3VsY1wgOfkrYs7Q0iIw48w,Jake
E2AqYXUnN9tIEhd1qy_yGw,Reese
Wf-6r7c7l7srbdoEbTFhrQ,Christopher
0Vxh6gqNGE1Ss1KChOrnng,John
19db0FoXZ3Z42YlxJNc3yA,Jc
hzxLiDkJWweBkAua387EkA,Keith
A_JDK0YVdfSMpDVQtcgS7w,Eric
YPImr70HVuUYwoJU7-ZECg,Bicole
n4m49-zKm0spHyNK8oRprw,Jasmine
6KpijP_cH9L__FSQOSOpNg,M
LIwSujJhHX5c4tFaNsdoag,Kathi
Nfu2Syrftq2bxxN-_BCiqA,JR
7TlPQSsi68tNKOifAlM45g,Danielle
7P1d1ocjb-iMMO9p91bLeg,Liz
4U7_YakOL1IqLY5hJ1Z3qQ,Jacqueline
37ScVhExy94GTWBSYCddXg,Johnelle
p9V5JcIRJbPU6OsBYzWMoQ,Lisa
d0lRMD8pOq5bQXNkmJOXLg,GoldenMoo
rRTkdcPvdBCLMwczz8qZlw,Scott
n_XhHoCfJfPA18So5p9ZIA,Jim
YhjqjXKzyVDrOZXuzcMYVw,Katie
XzEGty8eS21TNX1U9MmpMA,Rosemary
-lysdZihfKDEoU-raBgt_Q,Lauren
ZUpiDrvBd8jk2o5vTCucnA,Nick
OviOS9tfj4_Ob3GAX4JU9w,Jason
jnEBB8tb-iFut5KbSCXBtg,My Two Cents
iEdXlrT1ZoC83tYnds6wcQ,Anonymous
VIxold_Gde7G0azIL7B80w,Shirley
g0Z3e_vvoMQdUMSGoQItIw,Ebonie
ODxCiLYtlP9bKWT1dtnA7g,Jason
zyTCJLh4oUsuRar4kxRfgg,Steven
A-zTMYx7UFkdx32qmz1lmw,Summer
GaudWHXQfWIjTDegcQ0wOw,Tiffany
ei4hKGsLXlK5HKi_-UlXXA,Bunny
H2blf9bmqsnPqurV75KIYw,Sydney
e8Qm12kIjLksVA6jAg78cw,Larry
xsIyhIIDmVDYVi1hOMZcfA,David
HHURoopBQ19qyIfSuXWj9w,Monica
oS7oduOEkcILTDZxTZD5xw,Joseph
HI_jfEKHN0Bn1Qz3HCI0SQ,Samuel
Ekph-N3lXcRo2na5O6rBag,Angela
Xopn82XggiFWVPwLDQeBbg,Tyshea
nhjH7DmG219T7Z2yUhvErA,Samantha
WMNYnrQhRzPcZj9A7aQEgQ,Naas
VkMZItiF34mwSW2Ueqv61Q,Shari
ODcuX3itKNMldIiAWtwdXA,Ken
E0hObHXdqD2FQUurJfsFQQ,Bern
jYEoj5nH96SKbIPQyRZ61g,Dana
68GAp16tCeHdR1I7fehlow,Kelley
XBfE36t2fmgR-ggATcU89g,Joe
Ne8Xb3TdPKfzG2BomV2e2g,Vince
83jPvlJ6eOKVVyiwWj67zQ,Consumer
rstZZqz_yMIQICTWqRk77w,William
KbCJbIBnp3NSXHDPqQcDOw,William
FDHW12Ik2ATdklTNtIDHew,Rochelle
r7oVUu_1-jVmllejAm3VCw,Elizabeth
uRjMJEiwi9CdiW54KCRrNw,Bobbi
N-fto_KNfhvm24iqcabbTA,Ray
9GyVzBrOjxwGYejRFVwMpw,Shea
gQzdBYjozgNcaj_4Sl1OAA,Jay
J2GFoToYZWWojfSKW73xIw,Cathy
I1FfdNxlcgP0z_FBmPBpSw,Bridget
s5GotMTFg0Z5hN2mpWuVVg,Deja
uju1ra-Oj9rUrJ5ArtKqAQ,Shawn
onGlbHG4_nWbObpMNKXHoQ,K
KkauqAJT01DJLobv_UwI-A,Rhonda
uTrjgCmoS71EK4wpAchzWw,John
oPwhsN1CxpFXCixicFIbsA,Lynsey
-27LxQq2L2oXHPYXzspBNA,Gregory
NyqbPLj8wXlMOhqc2210BA,Chelsea
5nfUbKfXd1bTbQ7cfypMow,Malinda
LZ7aLkB_OpKXCAEPZUhnLA,Jadia
ChD1Ml_OH3yImcbGQt7dsA,Agnieszka
n2jhk4T1TNz-lxTUqInHRQ,Carla
wWDviPa4EDVQqBwrssGx0Q,Kimmie
bniyxfd_oKmgow4yb2lwkw,Meghan
oeqDdq3sQchwpEiDY9jQug,Kristie
HXIoUDatta7UOK1eIh9CnQ,Terry
PiHYpFsrlG-BSufvYUGmRw,Marcia
gdxI9GWZhvVVoRD05bsWsg,Sabrina
wEkFOqWkal23J2sFz8Jo7w,Andrea
Vj9jt9-EsILvllLiz4Slkg,Monica
9mRZy0R6mqT9YlglIzbDTw,Lynnette
V_GUiV9qmwiHf2mpoe6Z5A,Donna
POOtt67NBlwkKgoi7_oJ_A,Michael
IMDUsBvbRPiUPhBwbNCCdA,Katelyn
kXOV3PVpMPF7mMGPH8IhPA,Mikaela
tbViRH-G0BwJ97KJvN-rIg,Rachel
867CuU8wSsulf-gcgqLdbw,Jennifer
3YTXeDgdX6r-3L_6-f-XTg,Mike
6SxQwAuZjKvLDzyHXFowXQ,Cathy
X1d6nENOGGlcC5HPw_Sr8g,Christine
0zGrw6JCWTenp8fZaQNl4w,Star
bt0J04U2GxlHI_rzcDcd1g,Jimmy
44KX42_GgsRFGJ2wX6hA1w,Sierra
-yNipHPnS5_wyF-qNnIbFQ,Kelley
HcbJxGQGJYpIzf_BpSsmdg,Bridgette
Umc9wyi_80nDlLWZ87lIdg,Tamme
fg0fOIPlWExZiyuiho12dg,Jenna
GDrgDTi_yUVUynTENrDI3Q,Natalie
2aafS0yylU-SAtj_dbS0wA,BilliJo
SW5lYHknOfFTms0ggbZHbA,Chrystle
nvJK6AsUZI5j5ythvLxy5Q,Elizabeth
55yMZkxuw8hhufGAHdN7cw,Tracy
iFKtpIIoGnCLuPp-eTC20A,Janet
1rbVNuFr6QveWzjnz7PgLw,Victoria
tyhNnV3uQ1yzTNTp5WwOcA,Katie
0s_a3mK1hRJD6FGl0SjCUw,Kim
s1UO8kpjbho0Cn80VGFgjg,Nisso
WtOCPW_TAgn4RPSykPVgBw,Lawrence
s5yW7YZQtmnQo9fCXk4e6w,Robert
300eOy-BNbuCr2vE6h4Lhw,Denise
_NMhMv56HvPTqw1MeoyeXA,John
lkct9YBPiwTxgyCCuQxqrQ,Mandy
N2trLlmy7w0T7PBzJC4r1w,Nicole
B-1F9ozN-b7LvgBJE-ARVQ,Dupont
OUHHsp7UrLkxvSWfApxVrA,Ralph
wql-4WlnlUY76j4qFYzlcw,Foyell
vfL96vLlXm6nvnR2t5Sl7w,Deadfrvr
-nEeou39q6TqMoRwhS2MBw,Chris
ZbxwSN7eDTzchdkNpkgofw,Kelsey
4Ny2SEM9shOU38Ohk2Gb_w,Daniel
PpZ5zXYh9IPe4xk2ImbfwQ,Larry
KNXDILwaVEx22c7okc9EGQ,Tonya
u8XtwYmbSUYjSXso2SSGeQ,Ashlee
KabQvnjh48AP8SP0LeSKng,Maureen
hcd6nwigGcfM4BQHrKp7CQ,Linda
k4maGarjjqzGcLXdsMAjLw,Joe
4QC80NqCHUPrBKr_AqBFOw,Jameela
-s33VOhqP5uk4xpRGqDMkg,Madelyn
YEnGRR5-YoIjZZu87H7ukw,Nancy
vSHUTNJKjLWvrNk3Uavpqg,Angelica
Klil3GzW9aMdKfcnuU28TQ,Evelyne
EiJigOrgJEOuBwpRJsRuXQ,Morgan
NvQoqzVsSP5L6JJ7pLPhOg,Rhonda
3ULXBovSiP-NEefKHdsicg,Kentrell
hbjR8IUslYHQPyojIw0V3Q,Marisol
N0UkeSsvJNrusLdqI2GBkQ,Robert
lwKMpeRzmjK9P5PkFY6pzQ,Alyssa
2UUFym-sNCuI1_IiiTlqpw,Gina
IR3EpdoTmIoue2O6s0B5Jg,Jim
MlIJ-B-ZR2hmta1uda4QpQ,S
L8EzMf11Ud049gI96qIhtg,Wallace
6YjcNf-CAJEN3wYhertBbw,Ellie
c4Ma8ZwRAShHn4KsSXMC_Q,Zakye
NfK10XpP6YUbgFYMtVYWDQ,Anastasia
cFcYhCtlxoeog2xQZk0DtA,Patty
mZr-1eUcjUZrRNGlZpFWew,Nicole
fn-R3zrcizMnGeKra97tFw,Ruby
Oew8uR-4l0eWpTcAdZ1mvA,Tim
QzLEJuj3bK1nxuabg9Cvug,Chuck
t34w8tLkZoAuVn92cVDsvw,Melanie
2fDlFQGtEsXdN64qIU72Tw,Nick
A0wIBiNn75BbUFuauWSOOg,Amy
M3dutzu3RmMuRcW7UbAr5g,Kelsey
H0OcBPsQk6Gd9k2uT6A8Hw,Kai
r_DrKHd5-QaymKTHIzr6jA,Jeremy
LVTm5gZBbqyvXe-kQlDiWw,Natalie
_jsJVQqEbcIjjr1PgmH35Q,Theresa
zOa5jwhy-30IIeJsYnqTAA,Scy
ikJ1WoG1_aBYnriCnVsvbQ,Noelle
hZuUy2YA5wo7TKr-KC6VuQ,Claudine
PwHu-0ME6iK-4DKkHrjHJQ,Obi-Wan
ItBmvQjmbL-LonaZYn7ukA,Jackie
SohE4XTeJFuqHKC-hRTROg,Lexi
9B7g18PZhsgE7O8UbjItfA,Livdoesrandom
G3_F0t9GyEzJPtoUxret-Q,Steve
REiWiJXASa1m19pnrhWAOQ,Mya
tpZ9HcOPR5kxBpWrJEFdEQ,John
-yILsvXQDF1CM0e1q1Xmdw,Suzanne
WhNjVXpKUijRsnivqQmeiQ,Nita
X7WMz1w4tEmYWmAIj2oOOw,Jennifer
0HcCLz-ffge5snCtX9kUKA,Kortnee
7bgHSSUvVkDm9EOsyKtSNg,Donna
KlpPf5YQnmxWCc5ifZLtaQ,Fran
4-YdL3XSCcpa8gaIhlU5pw,Nick
-yZ3quN-f9amOmv9tIK6dA,Carl
NawjVFC6ws2YMveEIV0_rw,Jaime
7VAMWKBUkvTSRfGx0yEi-A,Chris
Ee1NbGIHJMyROuli9Cq2Aw,Brittany
rkkk848zdxaOO8S1bgjMXA,Crazy Maloco
GTWpZYSwDemmL83s4ZUgbg,Jason
2DyUFhVsFzQDxtvegI2zgQ,John
8R-96RXgz96E0pf88hwW5A,Salina
4dHqoYErtyxr1-B9BOplZQ,Brittany
OoE99ph5_0Idr_RNETbsKA,Lauren
OWoWyLeFCrw8erEUCmE-1w,Nancy
4qShZZeNhiC7E7WxknioKQ,Katreen
H6DRoAC_MqVMq3NdR_KM_A,Kelsey
IvVFpimD48OjM9g3L7iPmw,Douglas
LxGHoMel5jGRtPs9QoocMw,Lesane
Qa0aB3dbpUlUQcGiNIoElA,Lyd
yRBOYQtLIuXGkq-15T31Eg,Gina
44X2nBLzAIBcHNh8IK8EmQ,Steve
ET2VlTWDvpxliZzGvazUZw,Beth
v1U5GZdEl3LGUI3DyTdTww,Latasha
c3Y86cBp9HABwmreYT6p_A,Alissa
mIv8ytAcryKNyFoNSPZAig,daniel
sNb-zvW8sL30hxnAdQqZBg,Justin
P4Yab6Z9R4a_SMVC-nFnvA,I
GeqlM8hdZHQs-Ad30MlUTw,Scott
kCxxTq_hiaIwqMRsg8QQvw,D
9xXNjQEuX5bFRMzI6wgasA,Jay
odrDjdkgG8_XGsVI2od9Yw,Courtney
VepzbZ6VG_3Od9MnbBxO8g,Jim
4jdVD-q_10BFPJDIdKc9mQ,Rollen
_55TvVscbi8C1b_Gdpn4ww,Ena
YA-t6cy_hcDovkAANCsIAQ,Melanie
RjisdL9HVhVhaNKbghzfQw,Tamara
oJB4_52SJxP0dMz_udvvgw,Tim
fnxGvL202LbBIiaq5Gj1GQ,Elizabeth
CN2vmKXyD-_x4I86Hme5Rg,Denise
BeQ4iqU7rZmUrh3LSc6Rdw,Jim
lpGYOlT1djBi4NXv_6wObg,J
JQDyp2tS3MqQXzIv_5Xqww,Dave
RlVsKzeBxIhQbD_wQOOJhg,Frank
a2antrooZTcV9R9c4RbSOA,Erin
rUFARRRjkZ57UGOj37uChg,master
NqWO_n-IQP8vSJ86odcZSw,John
5Zo2YxqYMa_X8_D3xURJQA,jeremy
SU4yiLWYIOrVTaCDtBvu2w,Stefanie
_h9jgHRG6wc1TFP8tIn3YA,Marie
2yYa-auGCSe6O0rB5FZUZQ,nereida
F-_q6Xnsl-bruW6L8gIJXg,Judi
SZ6-UU3HIFc4bRMTej2GOA,Tobey
9gdwhSrLwBIVNwHQqaghfw,Wendy
SJoiuny9mhG8Gy-KIFynMA,Louise
idbe_1RyxFW5ci9VyL0lRA,Phillies08
6EtKCEFh8DPAxdRvv7Jh9A,Kathleen
_OKH6x7Lmkh1Cjl1kncWTw,Rhonda
Ih8oLL1JBycbOgmHZgu67g,Dale
P1hVIMJhwvQBFUEkJu6zDw,Ian
QVN9meFIrnhpq7_OFgBswQ,Satiara
jCl_I93PEso38QLp69brKw,Stephanie
q08FJvmypr00Ql1qaygcLg,Tammy
5rDhugX_HuTX6KN5ke6hCg,Ryan
6YBVHdZ6KKTZSEnn_x53uQ,Danver
BgWcpPGVQbQRdHp2zTgeTg,Conor
rFgh7i-AQesQtxJnt6LQMw,Angelica
_cWd9GlhAtwRUjFzmwh-Rg,Victoria
2jSE8SXfKK4V3BNLdhyBBw,Matt
JMR590qUlhB-qmMBsHbYGA,Chekesha
uQvwBABw7ymoDm1D8WmgsA,Mina
yP4piPl2wQ5Hph4oZF_0PA,Carolina
X-kk8H2nn0TyXSi4ODyNsA,Jennifer
IYrnNpaF-i5dBrvnzDnxlg,Kevanne
0LJBN97VdLamffCgO7rYxw,Melissa
bmV03jfwux7mYaLwDEk2pA,Joshua
sV-ADFLeFzWxsR6gfZ-LRQ,Chelsea
vGJuTTT_z3hx-V7h9SSvTw,Marie
wa1pS9JQ2L_74dJcL3zsNw,Eric
Ky0i7Cp6B0yIKxJVOOi0KA,Kim
z1yXXvNeEC1a2fzcsU-OLw,Mark
Y7KWYdVrlH7qwFr6APtILw,Rasool
mxa7_K6t5xSI5ZI6KlAPjg,Joshua
KDKOE3OHvzg08BdKDabKkQ,Annie
QNw1W1WlnceCjrYrY89VBg,Tenki
gvW7W0l9P_C8ngkna5fEfQ,Rachel
N7zDvVaGV2VEOlv7qfZaWQ,Jeremy
N_71_YYR7ZJvUlBGeUcY-g,Teri
yLB0WQb_n5s46-Y92pG4Cg,robin
U-yHsDTThptnYpf9WvKRTw,Jeffrey
JJQYlJAfnmxoaafYB07EOg,Justin
vXxI9TLFWRXFcbjHAVXdvg,Scott
bi0BaxEP6TOt7dOqWgjb1Q,James
5-uXWUyrbllYhbT_kpjIBw,Derek
9KR8Zpx_5528-OTgNwabGQ,Henry
H-jPb2moqvo4PswqI9W3fg,Portia
vQN2eK4jebT8sxdxRd1O5w,Tehmina
_JPsJKUIXR3v8Q79TP41-g,Ron
BalHsMErq7sdgX9_evB1lw,Roslyn
-f7Krw5O07Q77rqhCMSQpA,Patricia
n0X7OXucXJry_GjyF6-eDQ,Frank
MlibQwtU5AzdWoTCUUHy7A,Charissa
U6LTh37Gio_a6IjYHSYr9w,Jeremy
csKFNz-PjEQ9-hIphDjCeg,Martie
KcKDNf5ecqdgmX8j98z-2Q,Robin
i7E8aTTh2QCbnlaeY4G12A,Alexia
4b7mNv8Bb8LXMqS1SIXnhw,Chris
tAZVfEb4vlOPSXpRriLePg,Justine
Erc7IWItMefkyEJ2cE8mNw,Anna
NNCtwSgSnAT1BxP9ks_xUg,Kathy
bBzXTWoEq9Ficdj_4x1WYw,Dave
0FSA2DLTzRx6yS8rdWXhyA,Madison
7ugs3KAOQ14iV50zIG_Zhw,AB
MO6ne38-C87qYvSNnsXXBg,Vicky Bizet
f9Rctm5qovR-5fMUQk6Ziw,Jeff
dbWLRIVQsGXOJBrQXfTkeA,Ken
z80ROa-_mD3UQ35JdIZNaA,Kyle
wJ2q8vOX-0U06LB2Di3DVw,Carl
uH15IL8ruJNTVBzGYaWC3Q,Mary
0SJ354Wzp_cm3bfwhQrg8A,Chloe
_cPFYMzXcTvpUoBWSjLXuw,Jim
P7Yn8d2z6ylBY6cx3d6SWA,Edward
OnAo4Oh971KFyY9uPD8OCg,Jeanne
Xya3oE9TJzZk3nb2N7gsqg,Dan
9UfcFShAO-c6-5fcFT0v5A,Alyssa
5JrZxNdhS_nXWFsCLtl30Q,Donna
U7dDwBZMSrxretJAvTjVQQ,Margie
ZylrU7sL2H6GZLw7yZdGxg,Leia
1R0h5e662CI3AC0YCU7S4A,Anthony
hnluC2SlsWGz_EKUhcouUw,Margie
_RCDsiZSMv2gDxE_RGEvvA,Carlos
QzveTh5Yd0HtOrbBkpBzjw,Nick
Iq51xDo81-YFs4E2E3rL_Q,Gwendolyn
8TbZY4qne8nzCkm0wxucJw,Lesley
9uFvy-ePUilPR3lK_Q0GRw,Razor30055
63lMESdEvwr9BNIs5zx04A,Dawn
uCbdf2QaB8u-b2VXL-1Z0Q,Richard
qtA9PZOuHmeT9twOAcEydQ,Nicole
z3rQllThIR7E9KXSCo07bQ,Phoenix
vBlpO56t_vr0K5cNtG1-Kw,Shannon
kwwdWBpCkq1SPHe9ooD4mw,Marie
xdxNDZ3xkuqN7RkL_dqlHA,Stephanie
qtMn22FTIiybxAnk8hMx2g,Donna
gzraazPzmiI-5Z0vTqFNfw,Heather
6ThVwgXQ97XZl6oU9Mg_HQ,Mike
Z0Bhw2-MlPEUg0Wa-83vHA,Erica
YuqfSDg-nuFyxMqPYeN7QA,Linda
tPUDNoM-KY3lrckWpNNFcQ,Sean
HzxpWCeOxVAL1IC572oDzg,Michelle
GuswbnTp0BLAJMHTMu7Iuw,Delvin
EkwX_6KpqMamvz5eaOhWlA,Karalyn729
DGxSnQ9P_JCSaOJGabHGeg,Chris
PEFdSsOf_lahO-_oXkyHJA,Reilly
mvDQ8dj2nZyfELVgsj9Y8g,
Qw7vSfruzZdehavnG1t-_g,Charles
YhfcREJs90zSaaj_sYNGGw,Eumir
z2xFQxYTCWrbOj9eZE7wZQ,Sam
_aT_egfYynC-eWxBTU3Qtw,Emily
2u4a3Ds2y4VbcTODmL-2tg,Ed
5QM7gfeZP_VcxNiaCQOzqg,Ash
Ici4-KRuI27cEmHJW8W1rA,Heather
salzkg8pnRXhfDhisNgD1A,John
kJuLurv3AK5CFJ-VqJBEfw,Matt
kRwyCAXOaoukN-9MmSyNXA,Ed
4dQkaT76cOWIoMUKznTZ_Q,Missy
N7jSSoRTd2bWWnQRqthjxg,Harry
J2LR5E27caPiZeWb3clHUQ,Steven
JWll5TBvbll8VCUs_JH8Zw,Corinne
BfokQx7UPpNq95u3rAwW5g,Aubrey
qP3Uh_-prtcaquzkE7g55g,James
jARpzSvPp2LF_3B2FkL3jQ,Jasmine
pVi_c_uKfH4p3pIekvXwhg,Monique
I1sKFVd7yV5Osg7I0FIefA,Arrisa
fTi6Zkhsh3vyyN5Ez7gcag,Ayana
zQ5egL6rhxhnFA72aez9Cg,S
pjmq0a10jKLC5vLmya6vlA,Andrea
cGKGtr9RdVcDdIV8YdV25g,Joanne
YnbOwmrxCHvCREBb-BOrrg,Kevin
GEOfmzxPaZVumbLxkTOmiA,Matthew
93sqQue8gWobqsFcj4bFFg,Lovely
TagR5TEot54R7q2MIINsjA,Monica
pruotgoVqgC_QgsMB-1Atg,Tonie
gWw0KILVojcqFFcruP6O7Q,Jennifer
uApMZFsZ0j_3kVmqhLKyaQ,Kinyetta
rzhsOilzyyy9ycQH4Scqvg,Ashlea
4YgeAtsCFIzHfRk1D2Tt3A,Matthew
-ynTORilY__pG8YUbOcLdw,Vince
2avnhw27sRYtRi6f8Pn6Bg,William
g7sHcLR9IkYHKtZ0e7BJWA,John
vxc6xqka38Jz53jQL3jtXg,Kelso
U08dv6mylY9zU2bWYp4-XA,Lisa
LHn2QsT5gI6vHKl4YLFYqg,Aisha
T8J977TqeL-6o6IwKX6h0Q,Madison
AmcRFWFvj71NOOm6gA2Rsw,J
3PILERFYHRb7fahsQQ-ekw,Anthony
w7QCKFrjpaBHiPSOo2O3MQ,Grace
AFMjm2gwgbWURwO5NqEFbw,Jennifer
24tWnn3ymL0WU68WWG2jug,Pat
bK0OcdX_kpxPn7S9k_VVLw,Trisha
owhzVaHNiIV2ZI5M8XiEJg,Lauren
6-DMHLkJ-55moHj5RkASPQ,Ky
m3E8eGxuAfqD6IaC21bqYw,Helena
EOlwKTCEA4wjVZtDLq0KzQ,Christian
lhMcrLd1VmOGb4KESqRhYw,Scott
W2lL3lNGSsdYAW1cWkUFxQ,Suraj
xi1jLkq4MuCoBqIRkWTXUQ,Margo
EX0xWh1PKe7HAlgK5_cgWw,Charlie
bCH25XDG666QMJHDyVxGsA,Jennifer
UF6HHVU4T5F38CxRTj4uLQ,Alysia
jfu2pYqa85saUcLAVJBbsw,Tammy
6MMGxXp39nUefLB0MMsvDg,Jeff
J0tTSsLcwKQo5GE84bgrJw,J
JmPQvst2AQUKMdDxTI9sSQ,Jim
cg-CXdp2_YoT9tyQzZgM0w,Kathy
h1P5h0MMDMDA1ZLHRiI0_Q,K
Tjanc2qbh2Uj6eVB_ZDUmQ,Courtney
BL4Koko0-ugAMWvGDJplyQ,veronica
9dooPVJY2w2OUvH9m_0asA,John
EGNc6vnrCNVCEWY_4ygHoQ,Tom
q6_Ot2nwHAcbEaO--LpHvA,Anthony
W-7NS7To8k7hNqZEfJM1pA,Sarah
ZVtJmxXvxhHKndu6ZVHOnQ,Brittany
1smSYpy1SNsLzFa1VDKi6A,Zeani
i6KG0Y7XF5e5WDPLgLzKCQ,Gary
-sXhQlZ9BBwdVX-DpbcgKg,Nashae
enz6_JfDEKlpLKwZc1MFOQ,Dawain
263REjYDzvP6QkB9OelGmw,Emily
aFqA5XxTBTl6gYOjFN7X9Q,Marty
ICY4H7y9vTTt1dozXU2Wlg,Marissa
OPZCJh8tJPy0Cyjk1lkcCg,Will
dlWherscPcqTCvDHaDnzHA,Qiana
51iKMpCHK5rsJXOSTyoZ8w,Dorothy
TptCYNuhul8iVaYXvOqZjA,Gabriella
onWCB2g6lQMOqfkUlIDx1Q,Iayana
xeewHqIheyg4Vjtj1HGp1g,Dawn
ITYLgj9Va51-SzZQpmkA3w,Koreanita
ffpOqCG197gokWODU_QINw,Martin
ShPnxdRXJW6-idsThFAjFQ,James
L_nP5RXA6ZIpw5uthBbi6g,Brandi
BF16msT7W83o_2njGK-4Sg,Brandi
hUk7pTQ8A17vA9i9pCYzaQ,Heather
C5ufBGyvZ0lCfhmbAKMb7g,Andrea
6rspWazuudT9cMXLjcG8dw,Austin S.
eVSI5EpLU4edYTiZKlty5Q,Brittany
snY002uuDC3WNbpVVX5AqQ,Betsy
YHz7jMoRkWYO8xwPO5LjzQ,Cathy
s8YO1k7jUKHyorOfUlplmQ,Cody
9KPdhwIR_INBZ2av8BJ4Fw,J
6ufpqLofkl41W7iAIk2u8g,James
RB9wdmyv5WPEHwfPkoPE5w,Jennifer
HWanY5P5y9TZEFaVzJpKIQ,Glenn
8XYM6a1dMclH9VjnZyshZg,David
mEDsxgcVd8GZfELqPGUv7A,Itsawonderfullife
XFSRvSCAJedbgxBxgYaDDw,Carrie
xDDnTVyOYzplNyXxGtIwTg,Erica
z8Az-6AbdwU4q0V8GpCiuw,Darwyn
-7ZQR2MFJu-NdUWnZ5zyGg,Jason
vrC1G_fu-jGeYTS2n2R87Q,Melanie
i9TkBbQfWWC-7rf_djMcXw,Sherie
hQnm97DvG0it3-16wWCGTg,Jenn
Tssq8r2c90yCA9DNeonlJA,Brian
MiDy4D0SIwvQa5KFbSgl6w,Lilyx
Ul2SHGr4f3d_AuSPbWq-RA,Alexa
DMr_tJWJJP5_JAc_6-nNlw,Pat
eTw8nKxwjcQrEDWFUREg7g,Scott
qnsxe4JwIGnVo66yq4sKlQ,Liana
Fw66lD1pXqcL6T2WEE3ftg,Mr.
50HEdB5fuW398DTsB9bR8Q,Michael
XcW9AW5VLFdayn6ZFJcvEg,R
nf_GllMMx5d6m9t85jUrWg,Mary
2sLZiSy2khW_XVDAyAnqow,Kelly
0C_ZFf56HHgFJKbTGwU_oA,Walter
95SsuUuelWllYNoIyUX07A,Savannah
fxwiSImn-tQE-U-V5SPcPw,Cheri
BzSUVslSVtzkIZ6lKqZa-A,Mars
NBPSiC942agZlyqeFBQ3eg,Samantha
wJMGKoHC0isDXdUONx3fSw,Jen
I59VyXCWjTupa-oo4m3D-A,Ash
83QVAubgjPtpslEdXh5EtQ,Chelle
cfqTLTsDkNIFLGmPPqXP6g,Gen
1y-EYeAWDyephJ0__IvJAA,Jennifer
SpD3jCiSd0LExhnYBolM9Q,Wayne
6GTB6ciw2lyiRFlw32q4xA,L
tZMzjHkrdf0rQe8Aa5HO5w,Brianna
JcM6jUgF18P7XXw1TKZySA,Nicole
g1O8ayfosPxHCJIckBFuSA,Beatrice
kny8vzipHLINB9YMRPA-nQ,John
19b53rAhNC7jOsUhPN93mQ,Kelly
JPNcC-g3SZrNzZSZ2Mf9Lg,The
hl9bd6g-lzJpfAuTul2OJQ,Chris
wjpusys-kQkSPRhCDKmBMA,Ser Art
ba08YI1wGVt5ygMdsO1GOg,Alyssa
Zpys3iUoDs0O1YeCuNOUog,Stacy
Qlh6tkJXF-hXkrejex52tw,Gina
A8ExbLddy_93v5GJ9GPNXA,Peter
4iES9UxhGIkmHHJdZGYTiA,Brooke
OY3NPbgWGw8I32yq1d8mXg,Larry
-XZOz3ViFET3IZFRGFoOpQ,Matthew
2Zsp_ZMCBxcgUMczawE1TQ,Jim
sxQijCOeaRhmk35RS-PDjw,Stephanie
rj1D14Yfrj1h9cWq__cm8Q,Diosdado
Owf46N7Cn0-4AFBXoq3x3Q,Lana
fplCghl4PPmcoYo1T7zuPQ,Tim
EX0JDcmWL352ukE_vCyzhQ,Mike
seuGjBrIrxGwEuvp0BEs2A,James
RZrs-ZNuyMyPKp7j5eJ40w,Bri
UZbFbVIFpbww2RthKRuVoA,Taquan
OMerg3fBW_rVRrXNfZHPSA,Justine
CAivR03GyXtHosCF36iY7w,Jason
J9VixcDoYy8OADg_N71okA,Torrence
zMMJjhF-aEw9ZQecRyGNMQ,Isaiah
uoNymANSQht93XF7VyMANA,Jillian
1RTdfIQ6zsjrwj0BTVwkFQ,Sarah
jjGC_rU_Pwgx6PHIpGpaqw,Bobby
jn1kLqpnZTMRRMFTM_s6Jw,Toni
cYgUMXiV7t0bjSCfGkm_kg,Justin
Np7POntMiNRthzw_UB5IOQ,Karen
Tg8pE713e9xwKvKENeWQew,Kenneth
YN3xRxt4pcWTwBcSe0IRJg,Ashley
pYpjAnB2vqiVJD7vscgLlQ,Courtney
l7EYL3B5bFJNQhdeywa6qg,Jaclyn
_o__jVCN618jTLpKQTqaXA,Ollie
z_79z8n_uFOKbluPlZrtFg,Angel
1WrqB6OZ6-IZokQjPFTHSw,James
ZKkhxwZqtLCTLZRBrHlqUw,Donna
TPhQLwblGUW-Vz4rzhw5lg,Judith
tfebITtWzXNonYU8ZzsK0A,Vanessa
lPDiTSwnorzOToUDeij5mg,Hawk
VZ9idzEbVW5Yw02KqOB9Uw,Tara
oSu6Bj3e0OiSl3TemCGy1w,Janell
ZVfuy49JXBDmHRNH8x_9rw,Sarayna
dLUJcC7l6fOM8oTc63SQSA,Adrienne
pp7bu3q-Y96QqskWXvM7Wg,Donna
dW7I7J70BnLZqGQOEwG7dw,Chy
SmkGZ9gTOTmmMUF-dmVTDA,Brian
Cptu3SYENYQ85ZEoaBw87Q,Maria
0--Doe5m5c8IMrSsnc_-4A,Sean
ZJFgfzURK8dE0jcXXJawZg,Kayla
7PgEfFn3tX__MeZANY3tYQ,Dwayne
z0emthDXu-Jdz5PmuNGd8Q,Mary
cs1hQAhqw9TGEUhMgYYDfA,Emily
AOhu-xud1nrjlKm-K4T5Kg,Audra
s8Y_RuTvz-lPLUamuMxaHw,Chelle
oMEPl5DA11xcoftc7Ubj6g,Samantha
ySaqljnCPmsktaTG6T5vdA,Carrie
n_L72N7ieaBKjnC3J4rnuw,Patricia
42bG5T4G9f79Q6vGiuYiZA,Donna
OULPFSfCzWNcBNFFBAFF6w,George
-FpdhQ3h2YQgKMtF7NX85w,Gustavo
XK-y2bmfTHkvYcXhZdUsUw,Renee
bQ8uuq7-tu9zmFgsBnKrow,Frank
YNVgWbJpVqi16hd_TRTmSA,Drema
wGtX62oD-kcXCYjhpgVa5A,Vanessa
g2wm59vqikKev1UxWtPwpw,Carmen
KooBmYNaGY4HfAkLl0cVug,Robert
ME16VTUOm7P8Hsbp49-Dbg,Emidio
9jDqhHwPSegr7FcRefAjsA,Lisa
_Vml8BjZIxPR2N2-zZmcNw,E.M.
UO9F-Iyk8bnU-zb9lMb0dw,Betsy
No6DEuOu_In4ncAUg0MRtA,Amber
FX1xDzmu_O_LKzSmM2c9lw,Autumn
h02L5S6zAbkIW6L2c8Xn-A,Derrick
JaC0kofsQCR-adebGQdZ6A,Cloud
GAnLDjobvH840kftpN1Kmw,Kylee
NEak3RvpU58O_SbFQisU-A,Ajay
KRN_Q-LarTXsjLv2FULPqA,E
RvZycBrDlo4ZuHcCL6lc3A,Ess
YTDJ3jjPOm_jLqMm5Kqzqg,Rebecca
CZJ9Gmh3lDsAYdIyv6zOQQ,Nicole
TZuXMWsF-zuLCnADB8rjCQ,Stephanie
grt3sRnIizHJNIo6vOLo_g,Angela
lHE8dG9AcSOudhTrbDG2kQ,Joe
bwOFb3Zsfpx53keio75qxA,Marcus
GGQBfgKMS3qdqvvZDt4C5w,Lisa
4bqpcaaAP1HeFKx4oGGLkA,Frank
eou_N8D5TBvS3d9-tgNf2g,Val
8HrZRCfl4rzg1thaSa5sNw,Danielle
ZQnJI8dy7_KB-K5SYXHWWQ,Natasha
fiU1tVN7XnFej_Xr-wCD-g,Joseph
1aEMDG9EfEZF2ionNrXlQg,Nancy
PC4aE0sSwvjKST014tKedQ,Morgan
Sdnda0WUxKcJoZah4aCgfg,E
d9FaE-Z1pQTe1aAYUSYbWw,Scott
fW4hAA_NEuouPyzqJhsqow,Lisa
PrcTCc5bBWSCVcN0Pi2dCQ,Sarah
3Xpj4o2MQ0fRSRM7hAl7Wg,Nick
g9IA6iah_6f_tTV6C6o5Hg,Kyle
EMZQ5Z_jG0NCJV-mhn34yQ,John
WKIAVtb9XpwoyPZ4VQ2ipA,Reagan
3uVK6bV9w_wioXhR7gYa6g,Olivia
PxcPzzsPV3DXoC49kLHqMg,Lakiesha
R8OGMixcANcQgVmm1EANEw,Rachel
msa6uHBHIRybjqbaqLfNoA,Yogi
vBT4Lzfu2AaeTgWHBzTQPQ,Lindsay
-EHQi_GdkjD8dCvNuKirdw,Martin
jDCGijywGR5qiim6S91cww,Christopher
BxHZY7hSFOEJQpIcm4Zctw,Richard
vnSNGuRxa9p3Xrvlj3t03g,Michael
rT8suWYaGqb8taIxE0Gkfg,Dani
9w7YZBHzbt0mVrvO_ThiZA,Brian
GRj2yg-M_tOpFY4LEyPX7g,Zaineb
842cCdQTzpd_RDTvfEzGtA,Desiree
BfIxZL6lwceiKEGKWuH9LQ,Chris
wScYRsGUOVV6_P-xASARqg,Stephen
7bVlBIm8hJJEdUNAbrBxrw,Joey
HZcP4aaX_0YvVO5XgIStIg,Taryn
5aM4TXrZD2AaFjoe8-fOgw,Liya
PaYVp-m_ZD43obUUEXbeAg,Courtney
DNrp8uyQ2AXtaYCU1LgFxg,Brian
AtDDyBJD7e0AfZu41PjXNA,Monica
ekjvTnubtilUkYUiDslzUA,Trisha
EcpuvYCa8W7z2UEHQ4z1Dg,Stephanie
8Dz0axDrc23RXIPcQuKd0A,Mike
7wN67GQE3QNhXqxsn5YUQw,William
HimGTf6n9ceQCv6fQjGbDQ,Pizza
QJNAkHwHq7JIANXGENnuUA,Melanie
maHjj18Hc8-8ZAq_EoYEhA,David
Nu9mbl94p0k3NhCPZKZ8Fw,Jennifer
esH04QCLZGH5OYbVB0DdOQ,Brian
k0xEi7PGWzylsgaKo8ElBw,Val
qZNI37PRaFeaUI9SIfJNZA,Michele
NJlM8EPrpO_ubbaYBTExBw,Kristin
Eu2bvhRAyrePFN5_RBVfRQ,Gail
sELBjMyQgwMf0BFddCrFug,Jenna
csdGvkHg6fnsJXxeXl5fXg,Tatumn
QkKwAh-Y239ORAEi3AJ97g,Kait
WDMPzjIXzn86Y49tdqy4Dg,Sonny
_HVLI1r7CFgq7UgKJJduLw,Edwin
dzUSWYHhs62qBK2KqRjNbg,Nikki
VjqIlSu3KZyI7chtqIfRSQ,Jeff
OfT_7JQtY1OYLdtmWWShlA,Lori
RGtrugX1roVj0ShVuwwijA,Mr. And Mrs.
K85AQgYzwNfmWm-xzoWnTw,Scott
mbnpoDD_1uVzzMK_nuk8VQ,Emily
cPH6TymD0llco7lHTdOGkg,Taira
AClXnS3OTBX8ID2dJKkcGQ,Jo
_6pmp7bzkDa3HJOksXRbdw,Patrick
wAKMODvRd49G1gcc8KNgAA,Andrea
skFu63d96U1FzY4RvDMS3Q,Kristi
DGnHXYrTUrrqfc5s92fJ2w,Holly
LR9fX6EHcqdvY44uuj-PTw,Chris
QgVDksCN13yOMF3kx5RWqA,Mary
6BLMzlV1p10VUJ1dhZcoeA,Sasha
uHCNgbOaTkBBoy7EgaxEpA,Jessica
a0YAw3rG2m-ArKuBBkiXUA,J
Cxjg-TVxwM1JuoiH6d0MAA,Cicero
4uIpCjFMMlxxT7UPfSfGUQ,Sammy
MwmoLwKnqOD5cYWNBgWdAA,Keith
VHW57vAZPtX_u0YyINDi2Q,Kathy
aMp3F0VW7nJNNEsJagDnmw,Monica
I4lv5s2DUbdZrsXeZLXmfg,Dee
p-JCGTUo4IXPe9bFjWgrVg,Ione
eHSyFPxwm8Xsp3YJcTdXRg,Marissa
5zwMrGt-H5u1lTmROofEWA,Lily
PmtSEp179SBka59ogKqwYA,Dawn
LPZ5Z2C2sKPOrl_GxiR_sQ,Leah
h4gTX2qu5FeWJYpz6YEpWA,Dana
SGe2bc-c1kCaXboQnyLb7A,Nma
SFEW3UJ6BNvJcp6Q9RD9mw,Lilian
617Ue63-7KzwFa5pCLYr_g,Benjamin
CUE13op55l9WZp6fBTUWnA,Nicole
cACn6Qc1owO7hV_ZhcP74Q,Allison
SpTYEhfInvALG1le1uu21w,Ray
sGOCaCP7_SMlaRKPNO__CQ,Tahjae
AUaVo2JAMwLGJmBo3M4VyQ,Nicole
